[2026-05-20 02:26:45] local.ERROR: No application encryption key has been specified. {"exception":"[object] (Illuminate\\Encryption\\MissingAppKeyException(code: 0): No application encryption key has been specified. at E:/Proyecto web/gym-app/vendor/laravel/framework/src/Illuminate/Encryption/EncryptionServiceProvider.php:83)
[stacktrace]
#0 E:/Proyecto web/gym-app/vendor/laravel/framework/src/Illuminate/Support/helpers.php(393): Illuminate/Encryption/EncryptionServiceProvider->Illuminate/Encryption/{closure}()
#1 E:/Proyecto web/gym-app/vendor/laravel/framework/src/Illuminate/Encryption/EncryptionServiceProvider.php(81): tap()
#2 E:/Proyecto web/gym-app/vendor/laravel/framework/src/Illuminate/Encryption/EncryptionServiceProvider.php(64): Illuminate/Encryption/EncryptionServiceProvider->key()
#3 E:/Proyecto web/gym-app/vendor/laravel/framework/src/Illuminate/Encryption/EncryptionServiceProvider.php(32): Illuminate/Encryption/EncryptionServiceProvider->parseKey()
#4 E:/Proyecto web/gym-app/vendor/laravel/framework/src/Illuminate/Container/Container.php(1115): Illuminate/Encryption/EncryptionServiceProvider->Illuminate/Encryption/{closure}()
#5 E:/Proyecto web/gym-app/vendor/laravel/framework/src/Illuminate/Container/Container.php(933): Illuminate/Container/Container->build()
#6 E:/Proyecto web/gym-app/vendor/laravel/framework/src/Illuminate/Foundation/Application.php(1078): Illuminate/Container/Container->resolve()
#7 E:/Proyecto web/gym-app/vendor/laravel/framework/src/Illuminate/Container/Container.php(864): Illuminate/Foundation/Application->resolve()
#8 E:/Proyecto web/gym-app/vendor/laravel/framework/src/Illuminate/Foundation/Application.php(1058): Illuminate/Container/Container->make()
#9 E:/Proyecto web/gym-app/vendor/laravel/framework/src/Illuminate/Container/Container.php(1336): Illuminate/Foundation/Application->make()
#10 E:/Proyecto web/gym-app/vendor/laravel/framework/src/Illuminate/Container/Container.php(1237): Illuminate/Container/Container->resolveClass()
#11 E:/Proyecto web/gym-app/vendor/laravel/framework/src/Illuminate/Container/Container.php(1162): Illuminate/Container/Container->resolveDependencies()
#12 E:/Proyecto web/gym-app/vendor/laravel/framework/src/Illuminate/Container/Container.php(933): Illuminate/Container/Container->build()
#13 E:/Proyecto web/gym-app/vendor/laravel/framework/src/Illuminate/Foundation/Application.php(1078): Illuminate/Container/Container->resolve()
#14 E:/Proyecto web/gym-app/vendor/laravel/framework/src/Illuminate/Container/Container.php(864): Illuminate/Foundation/Application->resolve()
#15 E:/Proyecto web/gym-app/vendor/laravel/framework/src/Illuminate/Foundation/Application.php(1058): Illuminate/Container/Container->make()
#16 E:/Proyecto web/gym-app/vendor/laravel/framework/src/Illuminate/Pipeline/Pipeline.php(208): Illuminate/Foundation/Application->make()
#17 E:/Proyecto web/gym-app/vendor/laravel/framework/src/Illuminate/Pipeline/Pipeline.php(137): Illuminate/Pipeline/Pipeline->Illuminate/Pipeline/{closure}()
#18 E:/Proyecto web/gym-app/vendor/laravel/framework/src/Illuminate/Routing/Router.php(821): Illuminate/Pipeline/Pipeline->then()
#19 E:/Proyecto web/gym-app/vendor/laravel/framework/src/Illuminate/Routing/Router.php(800): Illuminate/Routing/Router->runRouteWithinStack()
#20 E:/Proyecto web/gym-app/vendor/laravel/framework/src/Illuminate/Routing/Router.php(764): Illuminate/Routing/Router->runRoute()
#21 E:/Proyecto web/gym-app/vendor/laravel/framework/src/Illuminate/Routing/Router.php(753): Illuminate/Routing/Router->dispatchToRoute()
#22 E:/Proyecto web/gym-app/vendor/laravel/framework/src/Illuminate/Foundation/Http/Kernel.php(200): Illuminate/Routing/Router->dispatch()
#23 E:/Proyecto web/gym-app/vendor/laravel/framework/src/Illuminate/Pipeline/Pipeline.php(180): Illuminate/Foundation/Http/Kernel->Illuminate/Foundation/Http/{closure}()
#24 E:/Proyecto web/gym-app/vendor/laravel/framework/src/Illuminate/Foundation/Http/Middleware/TransformsRequest.php(21): Illuminate/Pipeline/Pipeline->Illuminate/Pipeline/{closure}()
#25 E:/Proyecto web/gym-app/vendor/laravel/framework/src/Illuminate/Foundation/Http/Middleware/ConvertEmptyStringsToNull.php(31): Illuminate/Foundation/Http/Middleware/TransformsRequest->handle()
#26 E:/Proyecto web/gym-app/vendor/laravel/framework/src/Illuminate/Pipeline/Pipeline.php(219): Illuminate/Foundation/Http/Middleware/ConvertEmptyStringsToNull->handle()
#27 E:/Proyecto web/gym-app/vendor/laravel/framework/src/Illuminate/Foundation/Http/Middleware/TransformsRequest.php(21): Illuminate/Pipeline/Pipeline->Illuminate/Pipeline/{closure}()
#28 E:/Proyecto web/gym-app/vendor/laravel/framework/src/Illuminate/Foundation/Http/Middleware/TrimStrings.php(51): Illuminate/Foundation/Http/Middleware/TransformsRequest->handle()
#29 E:/Proyecto web/gym-app/vendor/laravel/framework/src/Illuminate/Pipeline/Pipeline.php(219): Illuminate/Foundation/Http/Middleware/TrimStrings->handle()
#30 E:/Proyecto web/gym-app/vendor/laravel/framework/src/Illuminate/Http/Middleware/ValidatePostSize.php(27): Illuminate/Pipeline/Pipeline->Illuminate/Pipeline/{closure}()
#31 E:/Proyecto web/gym-app/vendor/laravel/framework/src/Illuminate/Pipeline/Pipeline.php(219): Illuminate/Http/Middleware/ValidatePostSize->handle()
#32 E:/Proyecto web/gym-app/vendor/laravel/framework/src/Illuminate/Foundation/Http/Middleware/PreventRequestsDuringMaintenance.php(109): Illuminate/Pipeline/Pipeline->Illuminate/Pipeline/{closure}()
#33 E:/Proyecto web/gym-app/vendor/laravel/framework/src/Illuminate/Pipeline/Pipeline.php(219): Illuminate/Foundation/Http/Middleware/PreventRequestsDuringMaintenance->handle()
#34 E:/Proyecto web/gym-app/vendor/laravel/framework/src/Illuminate/Http/Middleware/HandleCors.php(61): Illuminate/Pipeline/Pipeline->Illuminate/Pipeline/{closure}()
#35 E:/Proyecto web/gym-app/vendor/laravel/framework/src/Illuminate/Pipeline/Pipeline.php(219): Illuminate/Http/Middleware/HandleCors->handle()
#36 E:/Proyecto web/gym-app/vendor/laravel/framework/src/Illuminate/Http/Middleware/TrustProxies.php(58): Illuminate/Pipeline/Pipeline->Illuminate/Pipeline/{closure}()
#37 E:/Proyecto web/gym-app/vendor/laravel/framework/src/Illuminate/Pipeline/Pipeline.php(219): Illuminate/Http/Middleware/TrustProxies->handle()
#38 E:/Proyecto web/gym-app/vendor/laravel/framework/src/Illuminate/Foundation/Http/Middleware/InvokeDeferredCallbacks.php(22): Illuminate/Pipeline/Pipeline->Illuminate/Pipeline/{closure}()
#39 E:/Proyecto web/gym-app/vendor/laravel/framework/src/Illuminate/Pipeline/Pipeline.php(219): Illuminate/Foundation/Http/Middleware/InvokeDeferredCallbacks->handle()
#40 E:/Proyecto web/gym-app/vendor/laravel/framework/src/Illuminate/Http/Middleware/ValidatePathEncoding.php(26): Illuminate/Pipeline/Pipeline->Illuminate/Pipeline/{closure}()
#41 E:/Proyecto web/gym-app/vendor/laravel/framework/src/Illuminate/Pipeline/Pipeline.php(219): Illuminate/Http/Middleware/ValidatePathEncoding->handle()
#42 E:/Proyecto web/gym-app/vendor/laravel/framework/src/Illuminate/Pipeline/Pipeline.php(137): Illuminate/Pipeline/Pipeline->Illuminate/Pipeline/{closure}()
#43 E:/Proyecto web/gym-app/vendor/laravel/framework/src/Illuminate/Foundation/Http/Kernel.php(175): Illuminate/Pipeline/Pipeline->then()
#44 E:/Proyecto web/gym-app/vendor/laravel/framework/src/Illuminate/Foundation/Http/Kernel.php(144): Illuminate/Foundation/Http/Kernel->sendRequestThroughRouter()
#45 E:/Proyecto web/gym-app/vendor/laravel/framework/src/Illuminate/Foundation/Application.php(1220): Illuminate/Foundation/Http/Kernel->handle()
#46 E:/Proyecto web/gym-app/public/index.php(20): Illuminate/Foundation/Application->handleRequest()
#47 E:/Proyecto web/gym-app/vendor/laravel/framework/src/Illuminate/Foundation/resources/server.php(23): require_once('...')
#48 {main}
"} 
[2026-05-20 02:27:07] local.ERROR: No application encryption key has been specified. {"exception":"[object] (Illuminate\\Encryption\\MissingAppKeyException(code: 0): No application encryption key has been specified. at E:/Proyecto web/gym-app/vendor/laravel/framework/src/Illuminate/Encryption/EncryptionServiceProvider.php:83)
[stacktrace]
#0 E:/Proyecto web/gym-app/vendor/laravel/framework/src/Illuminate/Support/helpers.php(393): Illuminate/Encryption/EncryptionServiceProvider->Illuminate/Encryption/{closure}()
#1 E:/Proyecto web/gym-app/vendor/laravel/framework/src/Illuminate/Encryption/EncryptionServiceProvider.php(81): tap()
#2 E:/Proyecto web/gym-app/vendor/laravel/framework/src/Illuminate/Encryption/EncryptionServiceProvider.php(64): Illuminate/Encryption/EncryptionServiceProvider->key()
#3 E:/Proyecto web/gym-app/vendor/laravel/framework/src/Illuminate/Encryption/EncryptionServiceProvider.php(32): Illuminate/Encryption/EncryptionServiceProvider->parseKey()
#4 E:/Proyecto web/gym-app/vendor/laravel/framework/src/Illuminate/Container/Container.php(1115): Illuminate/Encryption/EncryptionServiceProvider->Illuminate/Encryption/{closure}()
#5 E:/Proyecto web/gym-app/vendor/laravel/framework/src/Illuminate/Container/Container.php(933): Illuminate/Container/Container->build()
#6 E:/Proyecto web/gym-app/vendor/laravel/framework/src/Illuminate/Foundation/Application.php(1078): Illuminate/Container/Container->resolve()
#7 E:/Proyecto web/gym-app/vendor/laravel/framework/src/Illuminate/Container/Container.php(864): Illuminate/Foundation/Application->resolve()
#8 E:/Proyecto web/gym-app/vendor/laravel/framework/src/Illuminate/Foundation/Application.php(1058): Illuminate/Container/Container->make()
#9 E:/Proyecto web/gym-app/vendor/laravel/framework/src/Illuminate/Container/Container.php(1336): Illuminate/Foundation/Application->make()
#10 E:/Proyecto web/gym-app/vendor/laravel/framework/src/Illuminate/Container/Container.php(1237): Illuminate/Container/Container->resolveClass()
#11 E:/Proyecto web/gym-app/vendor/laravel/framework/src/Illuminate/Container/Container.php(1162): Illuminate/Container/Container->resolveDependencies()
#12 E:/Proyecto web/gym-app/vendor/laravel/framework/src/Illuminate/Container/Container.php(933): Illuminate/Container/Container->build()
#13 E:/Proyecto web/gym-app/vendor/laravel/framework/src/Illuminate/Foundation/Application.php(1078): Illuminate/Container/Container->resolve()
#14 E:/Proyecto web/gym-app/vendor/laravel/framework/src/Illuminate/Container/Container.php(864): Illuminate/Foundation/Application->resolve()
#15 E:/Proyecto web/gym-app/vendor/laravel/framework/src/Illuminate/Foundation/Application.php(1058): Illuminate/Container/Container->make()
#16 E:/Proyecto web/gym-app/vendor/laravel/framework/src/Illuminate/Foundation/Http/Kernel.php(257): Illuminate/Foundation/Application->make()
#17 E:/Proyecto web/gym-app/vendor/laravel/framework/src/Illuminate/Foundation/Http/Kernel.php(215): Illuminate/Foundation/Http/Kernel->terminateMiddleware()
#18 E:/Proyecto web/gym-app/vendor/laravel/framework/src/Illuminate/Foundation/Application.php(1222): Illuminate/Foundation/Http/Kernel->terminate()
#19 E:/Proyecto web/gym-app/public/index.php(20): Illuminate/Foundation/Application->handleRequest()
#20 E:/Proyecto web/gym-app/vendor/laravel/framework/src/Illuminate/Foundation/resources/server.php(23): require_once('...')
#21 {main}
"} 
[2026-05-20 02:29:07] local.ERROR: No application encryption key has been specified. {"exception":"[object] (Illuminate\\Encryption\\MissingAppKeyException(code: 0): No application encryption key has been specified. at E:/Proyecto web/gym-app/vendor/laravel/framework/src/Illuminate/Encryption/EncryptionServiceProvider.php:83)
[stacktrace]
#0 E:/Proyecto web/gym-app/vendor/laravel/framework/src/Illuminate/Support/helpers.php(393): Illuminate/Encryption/EncryptionServiceProvider->Illuminate/Encryption/{closure}()
#1 E:/Proyecto web/gym-app/vendor/laravel/framework/src/Illuminate/Encryption/EncryptionServiceProvider.php(81): tap()
#2 E:/Proyecto web/gym-app/vendor/laravel/framework/src/Illuminate/Encryption/EncryptionServiceProvider.php(64): Illuminate/Encryption/EncryptionServiceProvider->key()
#3 E:/Proyecto web/gym-app/vendor/laravel/framework/src/Illuminate/Encryption/EncryptionServiceProvider.php(32): Illuminate/Encryption/EncryptionServiceProvider->parseKey()
#4 E:/Proyecto web/gym-app/vendor/laravel/framework/src/Illuminate/Container/Container.php(1115): Illuminate/Encryption/EncryptionServiceProvider->Illuminate/Encryption/{closure}()
#5 E:/Proyecto web/gym-app/vendor/laravel/framework/src/Illuminate/Container/Container.php(933): Illuminate/Container/Container->build()
#6 E:/Proyecto web/gym-app/vendor/laravel/framework/src/Illuminate/Foundation/Application.php(1078): Illuminate/Container/Container->resolve()
#7 E:/Proyecto web/gym-app/vendor/laravel/framework/src/Illuminate/Container/Container.php(864): Illuminate/Foundation/Application->resolve()
#8 E:/Proyecto web/gym-app/vendor/laravel/framework/src/Illuminate/Foundation/Application.php(1058): Illuminate/Container/Container->make()
#9 E:/Proyecto web/gym-app/vendor/laravel/framework/src/Illuminate/Container/Container.php(1336): Illuminate/Foundation/Application->make()
#10 E:/Proyecto web/gym-app/vendor/laravel/framework/src/Illuminate/Container/Container.php(1237): Illuminate/Container/Container->resolveClass()
#11 E:/Proyecto web/gym-app/vendor/laravel/framework/src/Illuminate/Container/Container.php(1162): Illuminate/Container/Container->resolveDependencies()
#12 E:/Proyecto web/gym-app/vendor/laravel/framework/src/Illuminate/Container/Container.php(933): Illuminate/Container/Container->build()
#13 E:/Proyecto web/gym-app/vendor/laravel/framework/src/Illuminate/Foundation/Application.php(1078): Illuminate/Container/Container->resolve()
#14 E:/Proyecto web/gym-app/vendor/laravel/framework/src/Illuminate/Container/Container.php(864): Illuminate/Foundation/Application->resolve()
#15 E:/Proyecto web/gym-app/vendor/laravel/framework/src/Illuminate/Foundation/Application.php(1058): Illuminate/Container/Container->make()
#16 E:/Proyecto web/gym-app/vendor/laravel/framework/src/Illuminate/Pipeline/Pipeline.php(208): Illuminate/Foundation/Application->make()
#17 E:/Proyecto web/gym-app/vendor/laravel/framework/src/Illuminate/Pipeline/Pipeline.php(137): Illuminate/Pipeline/Pipeline->Illuminate/Pipeline/{closure}()
#18 E:/Proyecto web/gym-app/vendor/laravel/framework/src/Illuminate/Routing/Router.php(821): Illuminate/Pipeline/Pipeline->then()
#19 E:/Proyecto web/gym-app/vendor/laravel/framework/src/Illuminate/Routing/Router.php(800): Illuminate/Routing/Router->runRouteWithinStack()
#20 E:/Proyecto web/gym-app/vendor/laravel/framework/src/Illuminate/Routing/Router.php(764): Illuminate/Routing/Router->runRoute()
#21 E:/Proyecto web/gym-app/vendor/laravel/framework/src/Illuminate/Routing/Router.php(753): Illuminate/Routing/Router->dispatchToRoute()
#22 E:/Proyecto web/gym-app/vendor/laravel/framework/src/Illuminate/Foundation/Http/Kernel.php(200): Illuminate/Routing/Router->dispatch()
#23 E:/Proyecto web/gym-app/vendor/laravel/framework/src/Illuminate/Pipeline/Pipeline.php(180): Illuminate/Foundation/Http/Kernel->Illuminate/Foundation/Http/{closure}()
#24 E:/Proyecto web/gym-app/vendor/laravel/framework/src/Illuminate/Foundation/Http/Middleware/TransformsRequest.php(21): Illuminate/Pipeline/Pipeline->Illuminate/Pipeline/{closure}()
#25 E:/Proyecto web/gym-app/vendor/laravel/framework/src/Illuminate/Foundation/Http/Middleware/ConvertEmptyStringsToNull.php(31): Illuminate/Foundation/Http/Middleware/TransformsRequest->handle()
#26 E:/Proyecto web/gym-app/vendor/laravel/framework/src/Illuminate/Pipeline/Pipeline.php(219): Illuminate/Foundation/Http/Middleware/ConvertEmptyStringsToNull->handle()
#27 E:/Proyecto web/gym-app/vendor/laravel/framework/src/Illuminate/Foundation/Http/Middleware/TransformsRequest.php(21): Illuminate/Pipeline/Pipeline->Illuminate/Pipeline/{closure}()
#28 E:/Proyecto web/gym-app/vendor/laravel/framework/src/Illuminate/Foundation/Http/Middleware/TrimStrings.php(51): Illuminate/Foundation/Http/Middleware/TransformsRequest->handle()
#29 E:/Proyecto web/gym-app/vendor/laravel/framework/src/Illuminate/Pipeline/Pipeline.php(219): Illuminate/Foundation/Http/Middleware/TrimStrings->handle()
#30 E:/Proyecto web/gym-app/vendor/laravel/framework/src/Illuminate/Http/Middleware/ValidatePostSize.php(27): Illuminate/Pipeline/Pipeline->Illuminate/Pipeline/{closure}()
#31 E:/Proyecto web/gym-app/vendor/laravel/framework/src/Illuminate/Pipeline/Pipeline.php(219): Illuminate/Http/Middleware/ValidatePostSize->handle()
#32 E:/Proyecto web/gym-app/vendor/laravel/framework/src/Illuminate/Foundation/Http/Middleware/PreventRequestsDuringMaintenance.php(109): Illuminate/Pipeline/Pipeline->Illuminate/Pipeline/{closure}()
#33 E:/Proyecto web/gym-app/vendor/laravel/framework/src/Illuminate/Pipeline/Pipeline.php(219): Illuminate/Foundation/Http/Middleware/PreventRequestsDuringMaintenance->handle()
#34 E:/Proyecto web/gym-app/vendor/laravel/framework/src/Illuminate/Http/Middleware/HandleCors.php(61): Illuminate/Pipeline/Pipeline->Illuminate/Pipeline/{closure}()
#35 E:/Proyecto web/gym-app/vendor/laravel/framework/src/Illuminate/Pipeline/Pipeline.php(219): Illuminate/Http/Middleware/HandleCors->handle()
#36 E:/Proyecto web/gym-app/vendor/laravel/framework/src/Illuminate/Http/Middleware/TrustProxies.php(58): Illuminate/Pipeline/Pipeline->Illuminate/Pipeline/{closure}()
#37 E:/Proyecto web/gym-app/vendor/laravel/framework/src/Illuminate/Pipeline/Pipeline.php(219): Illuminate/Http/Middleware/TrustProxies->handle()
#38 E:/Proyecto web/gym-app/vendor/laravel/framework/src/Illuminate/Foundation/Http/Middleware/InvokeDeferredCallbacks.php(22): Illuminate/Pipeline/Pipeline->Illuminate/Pipeline/{closure}()
#39 E:/Proyecto web/gym-app/vendor/laravel/framework/src/Illuminate/Pipeline/Pipeline.php(219): Illuminate/Foundation/Http/Middleware/InvokeDeferredCallbacks->handle()
#40 E:/Proyecto web/gym-app/vendor/laravel/framework/src/Illuminate/Http/Middleware/ValidatePathEncoding.php(26): Illuminate/Pipeline/Pipeline->Illuminate/Pipeline/{closure}()
#41 E:/Proyecto web/gym-app/vendor/laravel/framework/src/Illuminate/Pipeline/Pipeline.php(219): Illuminate/Http/Middleware/ValidatePathEncoding->handle()
#42 E:/Proyecto web/gym-app/vendor/laravel/framework/src/Illuminate/Pipeline/Pipeline.php(137): Illuminate/Pipeline/Pipeline->Illuminate/Pipeline/{closure}()
#43 E:/Proyecto web/gym-app/vendor/laravel/framework/src/Illuminate/Foundation/Http/Kernel.php(175): Illuminate/Pipeline/Pipeline->then()
#44 E:/Proyecto web/gym-app/vendor/laravel/framework/src/Illuminate/Foundation/Http/Kernel.php(144): Illuminate/Foundation/Http/Kernel->sendRequestThroughRouter()
#45 E:/Proyecto web/gym-app/vendor/laravel/framework/src/Illuminate/Foundation/Application.php(1220): Illuminate/Foundation/Http/Kernel->handle()
#46 E:/Proyecto web/gym-app/public/index.php(20): Illuminate/Foundation/Application->handleRequest()
#47 E:/Proyecto web/gym-app/vendor/laravel/framework/src/Illuminate/Foundation/resources/server.php(23): require_once('...')
#48 {main}
"} 
[2026-05-20 02:29:10] local.ERROR: No application encryption key has been specified. {"exception":"[object] (Illuminate\\Encryption\\MissingAppKeyException(code: 0): No application encryption key has been specified. at E:/Proyecto web/gym-app/vendor/laravel/framework/src/Illuminate/Encryption/EncryptionServiceProvider.php:83)
[stacktrace]
#0 E:/Proyecto web/gym-app/vendor/laravel/framework/src/Illuminate/Support/helpers.php(393): Illuminate/Encryption/EncryptionServiceProvider->Illuminate/Encryption/{closure}()
#1 E:/Proyecto web/gym-app/vendor/laravel/framework/src/Illuminate/Encryption/EncryptionServiceProvider.php(81): tap()
#2 E:/Proyecto web/gym-app/vendor/laravel/framework/src/Illuminate/Encryption/EncryptionServiceProvider.php(64): Illuminate/Encryption/EncryptionServiceProvider->key()
#3 E:/Proyecto web/gym-app/vendor/laravel/framework/src/Illuminate/Encryption/EncryptionServiceProvider.php(32): Illuminate/Encryption/EncryptionServiceProvider->parseKey()
#4 E:/Proyecto web/gym-app/vendor/laravel/framework/src/Illuminate/Container/Container.php(1115): Illuminate/Encryption/EncryptionServiceProvider->Illuminate/Encryption/{closure}()
#5 E:/Proyecto web/gym-app/vendor/laravel/framework/src/Illuminate/Container/Container.php(933): Illuminate/Container/Container->build()
#6 E:/Proyecto web/gym-app/vendor/laravel/framework/src/Illuminate/Foundation/Application.php(1078): Illuminate/Container/Container->resolve()
#7 E:/Proyecto web/gym-app/vendor/laravel/framework/src/Illuminate/Container/Container.php(864): Illuminate/Foundation/Application->resolve()
#8 E:/Proyecto web/gym-app/vendor/laravel/framework/src/Illuminate/Foundation/Application.php(1058): Illuminate/Container/Container->make()
#9 E:/Proyecto web/gym-app/vendor/laravel/framework/src/Illuminate/Container/Container.php(1336): Illuminate/Foundation/Application->make()
#10 E:/Proyecto web/gym-app/vendor/laravel/framework/src/Illuminate/Container/Container.php(1237): Illuminate/Container/Container->resolveClass()
#11 E:/Proyecto web/gym-app/vendor/laravel/framework/src/Illuminate/Container/Container.php(1162): Illuminate/Container/Container->resolveDependencies()
#12 E:/Proyecto web/gym-app/vendor/laravel/framework/src/Illuminate/Container/Container.php(933): Illuminate/Container/Container->build()
#13 E:/Proyecto web/gym-app/vendor/laravel/framework/src/Illuminate/Foundation/Application.php(1078): Illuminate/Container/Container->resolve()
#14 E:/Proyecto web/gym-app/vendor/laravel/framework/src/Illuminate/Container/Container.php(864): Illuminate/Foundation/Application->resolve()
#15 E:/Proyecto web/gym-app/vendor/laravel/framework/src/Illuminate/Foundation/Application.php(1058): Illuminate/Container/Container->make()
#16 E:/Proyecto web/gym-app/vendor/laravel/framework/src/Illuminate/Foundation/Http/Kernel.php(257): Illuminate/Foundation/Application->make()
#17 E:/Proyecto web/gym-app/vendor/laravel/framework/src/Illuminate/Foundation/Http/Kernel.php(215): Illuminate/Foundation/Http/Kernel->terminateMiddleware()
#18 E:/Proyecto web/gym-app/vendor/laravel/framework/src/Illuminate/Foundation/Application.php(1222): Illuminate/Foundation/Http/Kernel->terminate()
#19 E:/Proyecto web/gym-app/public/index.php(20): Illuminate/Foundation/Application->handleRequest()
#20 E:/Proyecto web/gym-app/vendor/laravel/framework/src/Illuminate/Foundation/resources/server.php(23): require_once('...')
#21 {main}
"} 
[2026-05-25 00:56:44] local.ERROR: SQLSTATE[HY000] [2002] No se puede establecer una conexión ya que el equipo de destino denegó expresamente dicha conexión (Connection: mysql, Host: 127.0.0.1, Port: 3306, Database: gym_db, SQL: select * from `sessions` where `id` = d4PNChkxIvqWwqQeuFlhSrpk5UIzZZSQoAeBxUGD limit 1) {"exception":"[object] (Illuminate\\Database\\QueryException(code: 2002): SQLSTATE[HY000] [2002] No se puede establecer una conexión ya que el equipo de destino denegó expresamente dicha conexión (Connection: mysql, Host: 127.0.0.1, Port: 3306, Database: gym_db, SQL: select * from `sessions` where `id` = d4PNChkxIvqWwqQeuFlhSrpk5UIzZZSQoAeBxUGD limit 1) at C:/Users/gabyr/Downloads/Proyecto web/Proyecto web/gym-app/vendor/laravel/framework/src/Illuminate/Database/Connection.php:838)
[stacktrace]
#0 C:/Users/gabyr/Downloads/Proyecto web/Proyecto web/gym-app/vendor/laravel/framework/src/Illuminate/Database/Connection.php(794): Illuminate/Database/Connection->runQueryCallback()
#1 C:/Users/gabyr/Downloads/Proyecto web/Proyecto web/gym-app/vendor/laravel/framework/src/Illuminate/Database/Connection.php(411): Illuminate/Database/Connection->run()
#2 C:/Users/gabyr/Downloads/Proyecto web/Proyecto web/gym-app/vendor/laravel/framework/src/Illuminate/Database/Query/Builder.php(3505): Illuminate/Database/Connection->select()
#3 C:/Users/gabyr/Downloads/Proyecto web/Proyecto web/gym-app/vendor/laravel/framework/src/Illuminate/Database/Query/Builder.php(3490): Illuminate/Database/Query/Builder->runSelect()
#4 C:/Users/gabyr/Downloads/Proyecto web/Proyecto web/gym-app/vendor/laravel/framework/src/Illuminate/Database/Query/Builder.php(4080): Illuminate/Database/Query/Builder->Illuminate/Database/Query/{closure}()
#5 C:/Users/gabyr/Downloads/Proyecto web/Proyecto web/gym-app/vendor/laravel/framework/src/Illuminate/Database/Query/Builder.php(3489): Illuminate/Database/Query/Builder->onceWithColumns()
#6 C:/Users/gabyr/Downloads/Proyecto web/Proyecto web/gym-app/vendor/laravel/framework/src/Illuminate/Database/Concerns/BuildsQueries.php(366): Illuminate/Database/Query/Builder->get()
#7 C:/Users/gabyr/Downloads/Proyecto web/Proyecto web/gym-app/vendor/laravel/framework/src/Illuminate/Database/Query/Builder.php(3412): Illuminate/Database/Query/Builder->first()
#8 C:/Users/gabyr/Downloads/Proyecto web/Proyecto web/gym-app/vendor/laravel/framework/src/Illuminate/Session/DatabaseSessionHandler.php(96): Illuminate/Database/Query/Builder->find()
#9 C:/Users/gabyr/Downloads/Proyecto web/Proyecto web/gym-app/vendor/laravel/framework/src/Illuminate/Session/Store.php(128): Illuminate/Session/DatabaseSessionHandler->read()
#10 C:/Users/gabyr/Downloads/Proyecto web/Proyecto web/gym-app/vendor/laravel/framework/src/Illuminate/Session/Store.php(116): Illuminate/Session/Store->readFromHandler()
#11 C:/Users/gabyr/Downloads/Proyecto web/Proyecto web/gym-app/vendor/laravel/framework/src/Illuminate/Session/Store.php(100): Illuminate/Session/Store->loadSession()
#12 C:/Users/gabyr/Downloads/Proyecto web/Proyecto web/gym-app/vendor/laravel/framework/src/Illuminate/Session/Middleware/StartSession.php(146): Illuminate/Session/Store->start()
#13 C:/Users/gabyr/Downloads/Proyecto web/Proyecto web/gym-app/vendor/laravel/framework/src/Illuminate/Support/helpers.php(393): Illuminate/Session/Middleware/StartSession->Illuminate/Session/Middleware/{closure}()
#14 C:/Users/gabyr/Downloads/Proyecto web/Proyecto web/gym-app/vendor/laravel/framework/src/Illuminate/Session/Middleware/StartSession.php(143): tap()
#15 C:/Users/gabyr/Downloads/Proyecto web/Proyecto web/gym-app/vendor/laravel/framework/src/Illuminate/Session/Middleware/StartSession.php(115): Illuminate/Session/Middleware/StartSession->startSession()
#16 C:/Users/gabyr/Downloads/Proyecto web/Proyecto web/gym-app/vendor/laravel/framework/src/Illuminate/Session/Middleware/StartSession.php(63): Illuminate/Session/Middleware/StartSession->handleStatefulRequest()
#17 C:/Users/gabyr/Downloads/Proyecto web/Proyecto web/gym-app/vendor/laravel/framework/src/Illuminate/Pipeline/Pipeline.php(219): Illuminate/Session/Middleware/StartSession->handle()
#18 C:/Users/gabyr/Downloads/Proyecto web/Proyecto web/gym-app/vendor/laravel/framework/src/Illuminate/Cookie/Middleware/AddQueuedCookiesToResponse.php(36): Illuminate/Pipeline/Pipeline->Illuminate/Pipeline/{closure}()
#19 C:/Users/gabyr/Downloads/Proyecto web/Proyecto web/gym-app/vendor/laravel/framework/src/Illuminate/Pipeline/Pipeline.php(219): Illuminate/Cookie/Middleware/AddQueuedCookiesToResponse->handle()
#20 C:/Users/gabyr/Downloads/Proyecto web/Proyecto web/gym-app/vendor/laravel/framework/src/Illuminate/Cookie/Middleware/EncryptCookies.php(74): Illuminate/Pipeline/Pipeline->Illuminate/Pipeline/{closure}()
#21 C:/Users/gabyr/Downloads/Proyecto web/Proyecto web/gym-app/vendor/laravel/framework/src/Illuminate/Pipeline/Pipeline.php(219): Illuminate/Cookie/Middleware/EncryptCookies->handle()
#22 C:/Users/gabyr/Downloads/Proyecto web/Proyecto web/gym-app/vendor/laravel/framework/src/Illuminate/Pipeline/Pipeline.php(137): Illuminate/Pipeline/Pipeline->Illuminate/Pipeline/{closure}()
#23 C:/Users/gabyr/Downloads/Proyecto web/Proyecto web/gym-app/vendor/laravel/framework/src/Illuminate/Routing/Router.php(821): Illuminate/Pipeline/Pipeline->then()
#24 C:/Users/gabyr/Downloads/Proyecto web/Proyecto web/gym-app/vendor/laravel/framework/src/Illuminate/Routing/Router.php(800): Illuminate/Routing/Router->runRouteWithinStack()
#25 C:/Users/gabyr/Downloads/Proyecto web/Proyecto web/gym-app/vendor/laravel/framework/src/Illuminate/Routing/Router.php(764): Illuminate/Routing/Router->runRoute()
#26 C:/Users/gabyr/Downloads/Proyecto web/Proyecto web/gym-app/vendor/laravel/framework/src/Illuminate/Routing/Router.php(753): Illuminate/Routing/Router->dispatchToRoute()
#27 C:/Users/gabyr/Downloads/Proyecto web/Proyecto web/gym-app/vendor/laravel/framework/src/Illuminate/Foundation/Http/Kernel.php(200): Illuminate/Routing/Router->dispatch()
#28 C:/Users/gabyr/Downloads/Proyecto web/Proyecto web/gym-app/vendor/laravel/framework/src/Illuminate/Pipeline/Pipeline.php(180): Illuminate/Foundation/Http/Kernel->Illuminate/Foundation/Http/{closure}()
#29 C:/Users/gabyr/Downloads/Proyecto web/Proyecto web/gym-app/vendor/laravel/framework/src/Illuminate/Foundation/Http/Middleware/TransformsRequest.php(21): Illuminate/Pipeline/Pipeline->Illuminate/Pipeline/{closure}()
#30 C:/Users/gabyr/Downloads/Proyecto web/Proyecto web/gym-app/vendor/laravel/framework/src/Illuminate/Foundation/Http/Middleware/ConvertEmptyStringsToNull.php(31): Illuminate/Foundation/Http/Middleware/TransformsRequest->handle()
#31 C:/Users/gabyr/Downloads/Proyecto web/Proyecto web/gym-app/vendor/laravel/framework/src/Illuminate/Pipeline/Pipeline.php(219): Illuminate/Foundation/Http/Middleware/ConvertEmptyStringsToNull->handle()
#32 C:/Users/gabyr/Downloads/Proyecto web/Proyecto web/gym-app/vendor/laravel/framework/src/Illuminate/Foundation/Http/Middleware/TransformsRequest.php(21): Illuminate/Pipeline/Pipeline->Illuminate/Pipeline/{closure}()
#33 C:/Users/gabyr/Downloads/Proyecto web/Proyecto web/gym-app/vendor/laravel/framework/src/Illuminate/Foundation/Http/Middleware/TrimStrings.php(51): Illuminate/Foundation/Http/Middleware/TransformsRequest->handle()
#34 C:/Users/gabyr/Downloads/Proyecto web/Proyecto web/gym-app/vendor/laravel/framework/src/Illuminate/Pipeline/Pipeline.php(219): Illuminate/Foundation/Http/Middleware/TrimStrings->handle()
#35 C:/Users/gabyr/Downloads/Proyecto web/Proyecto web/gym-app/vendor/laravel/framework/src/Illuminate/Http/Middleware/ValidatePostSize.php(27): Illuminate/Pipeline/Pipeline->Illuminate/Pipeline/{closure}()
#36 C:/Users/gabyr/Downloads/Proyecto web/Proyecto web/gym-app/vendor/laravel/framework/src/Illuminate/Pipeline/Pipeline.php(219): Illuminate/Http/Middleware/ValidatePostSize->handle()
#37 C:/Users/gabyr/Downloads/Proyecto web/Proyecto web/gym-app/vendor/laravel/framework/src/Illuminate/Foundation/Http/Middleware/PreventRequestsDuringMaintenance.php(109): Illuminate/Pipeline/Pipeline->Illuminate/Pipeline/{closure}()
#38 C:/Users/gabyr/Downloads/Proyecto web/Proyecto web/gym-app/vendor/laravel/framework/src/Illuminate/Pipeline/Pipeline.php(219): Illuminate/Foundation/Http/Middleware/PreventRequestsDuringMaintenance->handle()
#39 C:/Users/gabyr/Downloads/Proyecto web/Proyecto web/gym-app/vendor/laravel/framework/src/Illuminate/Http/Middleware/HandleCors.php(61): Illuminate/Pipeline/Pipeline->Illuminate/Pipeline/{closure}()
#40 C:/Users/gabyr/Downloads/Proyecto web/Proyecto web/gym-app/vendor/laravel/framework/src/Illuminate/Pipeline/Pipeline.php(219): Illuminate/Http/Middleware/HandleCors->handle()
#41 C:/Users/gabyr/Downloads/Proyecto web/Proyecto web/gym-app/vendor/laravel/framework/src/Illuminate/Http/Middleware/TrustProxies.php(58): Illuminate/Pipeline/Pipeline->Illuminate/Pipeline/{closure}()
#42 C:/Users/gabyr/Downloads/Proyecto web/Proyecto web/gym-app/vendor/laravel/framework/src/Illuminate/Pipeline/Pipeline.php(219): Illuminate/Http/Middleware/TrustProxies->handle()
#43 C:/Users/gabyr/Downloads/Proyecto web/Proyecto web/gym-app/vendor/laravel/framework/src/Illuminate/Foundation/Http/Middleware/InvokeDeferredCallbacks.php(22): Illuminate/Pipeline/Pipeline->Illuminate/Pipeline/{closure}()
#44 C:/Users/gabyr/Downloads/Proyecto web/Proyecto web/gym-app/vendor/laravel/framework/src/Illuminate/Pipeline/Pipeline.php(219): Illuminate/Foundation/Http/Middleware/InvokeDeferredCallbacks->handle()
#45 C:/Users/gabyr/Downloads/Proyecto web/Proyecto web/gym-app/vendor/laravel/framework/src/Illuminate/Http/Middleware/ValidatePathEncoding.php(26): Illuminate/Pipeline/Pipeline->Illuminate/Pipeline/{closure}()
#46 C:/Users/gabyr/Downloads/Proyecto web/Proyecto web/gym-app/vendor/laravel/framework/src/Illuminate/Pipeline/Pipeline.php(219): Illuminate/Http/Middleware/ValidatePathEncoding->handle()
#47 C:/Users/gabyr/Downloads/Proyecto web/Proyecto web/gym-app/vendor/laravel/framework/src/Illuminate/Pipeline/Pipeline.php(137): Illuminate/Pipeline/Pipeline->Illuminate/Pipeline/{closure}()
#48 C:/Users/gabyr/Downloads/Proyecto web/Proyecto web/gym-app/vendor/laravel/framework/src/Illuminate/Foundation/Http/Kernel.php(175): Illuminate/Pipeline/Pipeline->then()
#49 C:/Users/gabyr/Downloads/Proyecto web/Proyecto web/gym-app/vendor/laravel/framework/src/Illuminate/Foundation/Http/Kernel.php(144): Illuminate/Foundation/Http/Kernel->sendRequestThroughRouter()
#50 C:/Users/gabyr/Downloads/Proyecto web/Proyecto web/gym-app/vendor/laravel/framework/src/Illuminate/Foundation/Application.php(1220): Illuminate/Foundation/Http/Kernel->handle()
#51 C:/Users/gabyr/Downloads/Proyecto web/Proyecto web/gym-app/public/index.php(20): Illuminate/Foundation/Application->handleRequest()
#52 C:/Users/gabyr/Downloads/Proyecto web/Proyecto web/gym-app/vendor/laravel/framework/src/Illuminate/Foundation/resources/server.php(23): require_once('...')
#53 {main}

[previous exception] [object] (PDOException(code: 2002): SQLSTATE[HY000] [2002] No se puede establecer una conexión ya que el equipo de destino denegó expresamente dicha conexión at C:/Users/gabyr/Downloads/Proyecto web/Proyecto web/gym-app/vendor/laravel/framework/src/Illuminate/Database/Connectors/Connector.php:66)
[stacktrace]
#0 C:/Users/gabyr/Downloads/Proyecto web/Proyecto web/gym-app/vendor/laravel/framework/src/Illuminate/Database/Connectors/Connector.php(66): PDO->__construct()
#1 C:/Users/gabyr/Downloads/Proyecto web/Proyecto web/gym-app/vendor/laravel/framework/src/Illuminate/Database/Connectors/Connector.php(44): Illuminate/Database/Connectors/Connector->createPdoConnection()
#2 C:/Users/gabyr/Downloads/Proyecto web/Proyecto web/gym-app/vendor/laravel/framework/src/Illuminate/Database/Connectors/MySqlConnector.php(24): Illuminate/Database/Connectors/Connector->createConnection()
#3 C:/Users/gabyr/Downloads/Proyecto web/Proyecto web/gym-app/vendor/laravel/framework/src/Illuminate/Database/Connectors/ConnectionFactory.php(186): Illuminate/Database/Connectors/MySqlConnector->connect()
#4 [internal function]: Illuminate/Database/Connectors/ConnectionFactory->Illuminate/Database/Connectors/{closure}()
#5 C:/Users/gabyr/Downloads/Proyecto web/Proyecto web/gym-app/vendor/laravel/framework/src/Illuminate/Database/Connection.php(1257): call_user_func()
#6 C:/Users/gabyr/Downloads/Proyecto web/Proyecto web/gym-app/vendor/laravel/framework/src/Illuminate/Database/Connection.php(525): Illuminate/Database/Connection->getPdo()
#7 C:/Users/gabyr/Downloads/Proyecto web/Proyecto web/gym-app/vendor/laravel/framework/src/Illuminate/Database/Connection.php(420): Illuminate/Database/Connection->getPdoForSelect()
#8 C:/Users/gabyr/Downloads/Proyecto web/Proyecto web/gym-app/vendor/laravel/framework/src/Illuminate/Database/Connection.php(827): Illuminate/Database/Connection->Illuminate/Database/{closure}()
#9 C:/Users/gabyr/Downloads/Proyecto web/Proyecto web/gym-app/vendor/laravel/framework/src/Illuminate/Database/Connection.php(794): Illuminate/Database/Connection->runQueryCallback()
#10 C:/Users/gabyr/Downloads/Proyecto web/Proyecto web/gym-app/vendor/laravel/framework/src/Illuminate/Database/Connection.php(411): Illuminate/Database/Connection->run()
#11 C:/Users/gabyr/Downloads/Proyecto web/Proyecto web/gym-app/vendor/laravel/framework/src/Illuminate/Database/Query/Builder.php(3505): Illuminate/Database/Connection->select()
#12 C:/Users/gabyr/Downloads/Proyecto web/Proyecto web/gym-app/vendor/laravel/framework/src/Illuminate/Database/Query/Builder.php(3490): Illuminate/Database/Query/Builder->runSelect()
#13 C:/Users/gabyr/Downloads/Proyecto web/Proyecto web/gym-app/vendor/laravel/framework/src/Illuminate/Database/Query/Builder.php(4080): Illuminate/Database/Query/Builder->Illuminate/Database/Query/{closure}()
#14 C:/Users/gabyr/Downloads/Proyecto web/Proyecto web/gym-app/vendor/laravel/framework/src/Illuminate/Database/Query/Builder.php(3489): Illuminate/Database/Query/Builder->onceWithColumns()
#15 C:/Users/gabyr/Downloads/Proyecto web/Proyecto web/gym-app/vendor/laravel/framework/src/Illuminate/Database/Concerns/BuildsQueries.php(366): Illuminate/Database/Query/Builder->get()
#16 C:/Users/gabyr/Downloads/Proyecto web/Proyecto web/gym-app/vendor/laravel/framework/src/Illuminate/Database/Query/Builder.php(3412): Illuminate/Database/Query/Builder->first()
#17 C:/Users/gabyr/Downloads/Proyecto web/Proyecto web/gym-app/vendor/laravel/framework/src/Illuminate/Session/DatabaseSessionHandler.php(96): Illuminate/Database/Query/Builder->find()
#18 C:/Users/gabyr/Downloads/Proyecto web/Proyecto web/gym-app/vendor/laravel/framework/src/Illuminate/Session/Store.php(128): Illuminate/Session/DatabaseSessionHandler->read()
#19 C:/Users/gabyr/Downloads/Proyecto web/Proyecto web/gym-app/vendor/laravel/framework/src/Illuminate/Session/Store.php(116): Illuminate/Session/Store->readFromHandler()
#20 C:/Users/gabyr/Downloads/Proyecto web/Proyecto web/gym-app/vendor/laravel/framework/src/Illuminate/Session/Store.php(100): Illuminate/Session/Store->loadSession()
#21 C:/Users/gabyr/Downloads/Proyecto web/Proyecto web/gym-app/vendor/laravel/framework/src/Illuminate/Session/Middleware/StartSession.php(146): Illuminate/Session/Store->start()
#22 C:/Users/gabyr/Downloads/Proyecto web/Proyecto web/gym-app/vendor/laravel/framework/src/Illuminate/Support/helpers.php(393): Illuminate/Session/Middleware/StartSession->Illuminate/Session/Middleware/{closure}()
#23 C:/Users/gabyr/Downloads/Proyecto web/Proyecto web/gym-app/vendor/laravel/framework/src/Illuminate/Session/Middleware/StartSession.php(143): tap()
#24 C:/Users/gabyr/Downloads/Proyecto web/Proyecto web/gym-app/vendor/laravel/framework/src/Illuminate/Session/Middleware/StartSession.php(115): Illuminate/Session/Middleware/StartSession->startSession()
#25 C:/Users/gabyr/Downloads/Proyecto web/Proyecto web/gym-app/vendor/laravel/framework/src/Illuminate/Session/Middleware/StartSession.php(63): Illuminate/Session/Middleware/StartSession->handleStatefulRequest()
#26 C:/Users/gabyr/Downloads/Proyecto web/Proyecto web/gym-app/vendor/laravel/framework/src/Illuminate/Pipeline/Pipeline.php(219): Illuminate/Session/Middleware/StartSession->handle()
#27 C:/Users/gabyr/Downloads/Proyecto web/Proyecto web/gym-app/vendor/laravel/framework/src/Illuminate/Cookie/Middleware/AddQueuedCookiesToResponse.php(36): Illuminate/Pipeline/Pipeline->Illuminate/Pipeline/{closure}()
#28 C:/Users/gabyr/Downloads/Proyecto web/Proyecto web/gym-app/vendor/laravel/framework/src/Illuminate/Pipeline/Pipeline.php(219): Illuminate/Cookie/Middleware/AddQueuedCookiesToResponse->handle()
#29 C:/Users/gabyr/Downloads/Proyecto web/Proyecto web/gym-app/vendor/laravel/framework/src/Illuminate/Cookie/Middleware/EncryptCookies.php(74): Illuminate/Pipeline/Pipeline->Illuminate/Pipeline/{closure}()
#30 C:/Users/gabyr/Downloads/Proyecto web/Proyecto web/gym-app/vendor/laravel/framework/src/Illuminate/Pipeline/Pipeline.php(219): Illuminate/Cookie/Middleware/EncryptCookies->handle()
#31 C:/Users/gabyr/Downloads/Proyecto web/Proyecto web/gym-app/vendor/laravel/framework/src/Illuminate/Pipeline/Pipeline.php(137): Illuminate/Pipeline/Pipeline->Illuminate/Pipeline/{closure}()
#32 C:/Users/gabyr/Downloads/Proyecto web/Proyecto web/gym-app/vendor/laravel/framework/src/Illuminate/Routing/Router.php(821): Illuminate/Pipeline/Pipeline->then()
#33 C:/Users/gabyr/Downloads/Proyecto web/Proyecto web/gym-app/vendor/laravel/framework/src/Illuminate/Routing/Router.php(800): Illuminate/Routing/Router->runRouteWithinStack()
#34 C:/Users/gabyr/Downloads/Proyecto web/Proyecto web/gym-app/vendor/laravel/framework/src/Illuminate/Routing/Router.php(764): Illuminate/Routing/Router->runRoute()
#35 C:/Users/gabyr/Downloads/Proyecto web/Proyecto web/gym-app/vendor/laravel/framework/src/Illuminate/Routing/Router.php(753): Illuminate/Routing/Router->dispatchToRoute()
#36 C:/Users/gabyr/Downloads/Proyecto web/Proyecto web/gym-app/vendor/laravel/framework/src/Illuminate/Foundation/Http/Kernel.php(200): Illuminate/Routing/Router->dispatch()
#37 C:/Users/gabyr/Downloads/Proyecto web/Proyecto web/gym-app/vendor/laravel/framework/src/Illuminate/Pipeline/Pipeline.php(180): Illuminate/Foundation/Http/Kernel->Illuminate/Foundation/Http/{closure}()
#38 C:/Users/gabyr/Downloads/Proyecto web/Proyecto web/gym-app/vendor/laravel/framework/src/Illuminate/Foundation/Http/Middleware/TransformsRequest.php(21): Illuminate/Pipeline/Pipeline->Illuminate/Pipeline/{closure}()
#39 C:/Users/gabyr/Downloads/Proyecto web/Proyecto web/gym-app/vendor/laravel/framework/src/Illuminate/Foundation/Http/Middleware/ConvertEmptyStringsToNull.php(31): Illuminate/Foundation/Http/Middleware/TransformsRequest->handle()
#40 C:/Users/gabyr/Downloads/Proyecto web/Proyecto web/gym-app/vendor/laravel/framework/src/Illuminate/Pipeline/Pipeline.php(219): Illuminate/Foundation/Http/Middleware/ConvertEmptyStringsToNull->handle()
#41 C:/Users/gabyr/Downloads/Proyecto web/Proyecto web/gym-app/vendor/laravel/framework/src/Illuminate/Foundation/Http/Middleware/TransformsRequest.php(21): Illuminate/Pipeline/Pipeline->Illuminate/Pipeline/{closure}()
#42 C:/Users/gabyr/Downloads/Proyecto web/Proyecto web/gym-app/vendor/laravel/framework/src/Illuminate/Foundation/Http/Middleware/TrimStrings.php(51): Illuminate/Foundation/Http/Middleware/TransformsRequest->handle()
#43 C:/Users/gabyr/Downloads/Proyecto web/Proyecto web/gym-app/vendor/laravel/framework/src/Illuminate/Pipeline/Pipeline.php(219): Illuminate/Foundation/Http/Middleware/TrimStrings->handle()
#44 C:/Users/gabyr/Downloads/Proyecto web/Proyecto web/gym-app/vendor/laravel/framework/src/Illuminate/Http/Middleware/ValidatePostSize.php(27): Illuminate/Pipeline/Pipeline->Illuminate/Pipeline/{closure}()
#45 C:/Users/gabyr/Downloads/Proyecto web/Proyecto web/gym-app/vendor/laravel/framework/src/Illuminate/Pipeline/Pipeline.php(219): Illuminate/Http/Middleware/ValidatePostSize->handle()
#46 C:/Users/gabyr/Downloads/Proyecto web/Proyecto web/gym-app/vendor/laravel/framework/src/Illuminate/Foundation/Http/Middleware/PreventRequestsDuringMaintenance.php(109): Illuminate/Pipeline/Pipeline->Illuminate/Pipeline/{closure}()
#47 C:/Users/gabyr/Downloads/Proyecto web/Proyecto web/gym-app/vendor/laravel/framework/src/Illuminate/Pipeline/Pipeline.php(219): Illuminate/Foundation/Http/Middleware/PreventRequestsDuringMaintenance->handle()
#48 C:/Users/gabyr/Downloads/Proyecto web/Proyecto web/gym-app/vendor/laravel/framework/src/Illuminate/Http/Middleware/HandleCors.php(61): Illuminate/Pipeline/Pipeline->Illuminate/Pipeline/{closure}()
#49 C:/Users/gabyr/Downloads/Proyecto web/Proyecto web/gym-app/vendor/laravel/framework/src/Illuminate/Pipeline/Pipeline.php(219): Illuminate/Http/Middleware/HandleCors->handle()
#50 C:/Users/gabyr/Downloads/Proyecto web/Proyecto web/gym-app/vendor/laravel/framework/src/Illuminate/Http/Middleware/TrustProxies.php(58): Illuminate/Pipeline/Pipeline->Illuminate/Pipeline/{closure}()
#51 C:/Users/gabyr/Downloads/Proyecto web/Proyecto web/gym-app/vendor/laravel/framework/src/Illuminate/Pipeline/Pipeline.php(219): Illuminate/Http/Middleware/TrustProxies->handle()
#52 C:/Users/gabyr/Downloads/Proyecto web/Proyecto web/gym-app/vendor/laravel/framework/src/Illuminate/Foundation/Http/Middleware/InvokeDeferredCallbacks.php(22): Illuminate/Pipeline/Pipeline->Illuminate/Pipeline/{closure}()
#53 C:/Users/gabyr/Downloads/Proyecto web/Proyecto web/gym-app/vendor/laravel/framework/src/Illuminate/Pipeline/Pipeline.php(219): Illuminate/Foundation/Http/Middleware/InvokeDeferredCallbacks->handle()
#54 C:/Users/gabyr/Downloads/Proyecto web/Proyecto web/gym-app/vendor/laravel/framework/src/Illuminate/Http/Middleware/ValidatePathEncoding.php(26): Illuminate/Pipeline/Pipeline->Illuminate/Pipeline/{closure}()
#55 C:/Users/gabyr/Downloads/Proyecto web/Proyecto web/gym-app/vendor/laravel/framework/src/Illuminate/Pipeline/Pipeline.php(219): Illuminate/Http/Middleware/ValidatePathEncoding->handle()
#56 C:/Users/gabyr/Downloads/Proyecto web/Proyecto web/gym-app/vendor/laravel/framework/src/Illuminate/Pipeline/Pipeline.php(137): Illuminate/Pipeline/Pipeline->Illuminate/Pipeline/{closure}()
#57 C:/Users/gabyr/Downloads/Proyecto web/Proyecto web/gym-app/vendor/laravel/framework/src/Illuminate/Foundation/Http/Kernel.php(175): Illuminate/Pipeline/Pipeline->then()
#58 C:/Users/gabyr/Downloads/Proyecto web/Proyecto web/gym-app/vendor/laravel/framework/src/Illuminate/Foundation/Http/Kernel.php(144): Illuminate/Foundation/Http/Kernel->sendRequestThroughRouter()
#59 C:/Users/gabyr/Downloads/Proyecto web/Proyecto web/gym-app/vendor/laravel/framework/src/Illuminate/Foundation/Application.php(1220): Illuminate/Foundation/Http/Kernel->handle()
#60 C:/Users/gabyr/Downloads/Proyecto web/Proyecto web/gym-app/public/index.php(20): Illuminate/Foundation/Application->handleRequest()
#61 C:/Users/gabyr/Downloads/Proyecto web/Proyecto web/gym-app/vendor/laravel/framework/src/Illuminate/Foundation/resources/server.php(23): require_once('...')
#62 {main}
"} 
[2026-05-25 01:01:02] local.ERROR: SQLSTATE[HY000] [2002] No se puede establecer una conexión ya que el equipo de destino denegó expresamente dicha conexión (Connection: mysql, Host: 127.0.0.1, Port: 3306, Database: gym_db, SQL: select exists (select 1 from information_schema.tables where table_schema = schema() and table_name = 'migrations' and table_type in ('BASE TABLE', 'SYSTEM VERSIONED')) as `exists`) {"exception":"[object] (Illuminate\\Database\\QueryException(code: 2002): SQLSTATE[HY000] [2002] No se puede establecer una conexión ya que el equipo de destino denegó expresamente dicha conexión (Connection: mysql, Host: 127.0.0.1, Port: 3306, Database: gym_db, SQL: select exists (select 1 from information_schema.tables where table_schema = schema() and table_name = 'migrations' and table_type in ('BASE TABLE', 'SYSTEM VERSIONED')) as `exists`) at C:/Users/gabyr/Downloads/Proyecto web/Proyecto web/gym-app/vendor/laravel/framework/src/Illuminate/Database/Connection.php:838)
[stacktrace]
#0 C:/Users/gabyr/Downloads/Proyecto web/Proyecto web/gym-app/vendor/laravel/framework/src/Illuminate/Database/Connection.php(794): Illuminate/Database/Connection->runQueryCallback()
#1 C:/Users/gabyr/Downloads/Proyecto web/Proyecto web/gym-app/vendor/laravel/framework/src/Illuminate/Database/Connection.php(411): Illuminate/Database/Connection->run()
#2 C:/Users/gabyr/Downloads/Proyecto web/Proyecto web/gym-app/vendor/laravel/framework/src/Illuminate/Database/Connection.php(357): Illuminate/Database/Connection->select()
#3 C:/Users/gabyr/Downloads/Proyecto web/Proyecto web/gym-app/vendor/laravel/framework/src/Illuminate/Database/Connection.php(374): Illuminate/Database/Connection->selectOne()
#4 C:/Users/gabyr/Downloads/Proyecto web/Proyecto web/gym-app/vendor/laravel/framework/src/Illuminate/Database/Schema/Builder.php(176): Illuminate/Database/Connection->scalar()
#5 C:/Users/gabyr/Downloads/Proyecto web/Proyecto web/gym-app/vendor/laravel/framework/src/Illuminate/Database/Migrations/DatabaseMigrationRepository.php(185): Illuminate/Database/Schema/Builder->hasTable()
#6 C:/Users/gabyr/Downloads/Proyecto web/Proyecto web/gym-app/vendor/laravel/framework/src/Illuminate/Database/Migrations/Migrator.php(758): Illuminate/Database/Migrations/DatabaseMigrationRepository->repositoryExists()
#7 C:/Users/gabyr/Downloads/Proyecto web/Proyecto web/gym-app/vendor/laravel/framework/src/Illuminate/Database/Console/Migrations/MigrateCommand.php(164): Illuminate/Database/Migrations/Migrator->repositoryExists()
#8 C:/Users/gabyr/Downloads/Proyecto web/Proyecto web/gym-app/vendor/laravel/framework/src/Illuminate/Support/helpers.php(328): Illuminate/Database/Console/Migrations/MigrateCommand->Illuminate/Database/Console/Migrations/{closure}()
#9 C:/Users/gabyr/Downloads/Proyecto web/Proyecto web/gym-app/vendor/laravel/framework/src/Illuminate/Database/Console/Migrations/MigrateCommand.php(164): retry()
#10 C:/Users/gabyr/Downloads/Proyecto web/Proyecto web/gym-app/vendor/laravel/framework/src/Illuminate/Database/Console/Migrations/MigrateCommand.php(140): Illuminate/Database/Console/Migrations/MigrateCommand->repositoryExists()
#11 C:/Users/gabyr/Downloads/Proyecto web/Proyecto web/gym-app/vendor/laravel/framework/src/Illuminate/Database/Console/Migrations/MigrateCommand.php(110): Illuminate/Database/Console/Migrations/MigrateCommand->prepareDatabase()
#12 C:/Users/gabyr/Downloads/Proyecto web/Proyecto web/gym-app/vendor/laravel/framework/src/Illuminate/Database/Migrations/Migrator.php(671): Illuminate/Database/Console/Migrations/MigrateCommand->Illuminate/Database/Console/Migrations/{closure}()
#13 C:/Users/gabyr/Downloads/Proyecto web/Proyecto web/gym-app/vendor/laravel/framework/src/Illuminate/Database/Console/Migrations/MigrateCommand.php(109): Illuminate/Database/Migrations/Migrator->usingConnection()
#14 C:/Users/gabyr/Downloads/Proyecto web/Proyecto web/gym-app/vendor/laravel/framework/src/Illuminate/Database/Console/Migrations/MigrateCommand.php(88): Illuminate/Database/Console/Migrations/MigrateCommand->runMigrations()
#15 C:/Users/gabyr/Downloads/Proyecto web/Proyecto web/gym-app/vendor/laravel/framework/src/Illuminate/Container/BoundMethod.php(36): Illuminate/Database/Console/Migrations/MigrateCommand->handle()
#16 C:/Users/gabyr/Downloads/Proyecto web/Proyecto web/gym-app/vendor/laravel/framework/src/Illuminate/Container/Util.php(43): Illuminate/Container/BoundMethod::Illuminate/Container/{closure}()
#17 C:/Users/gabyr/Downloads/Proyecto web/Proyecto web/gym-app/vendor/laravel/framework/src/Illuminate/Container/BoundMethod.php(96): Illuminate/Container/Util::unwrapIfClosure()
#18 C:/Users/gabyr/Downloads/Proyecto web/Proyecto web/gym-app/vendor/laravel/framework/src/Illuminate/Container/BoundMethod.php(35): Illuminate/Container/BoundMethod::callBoundMethod()
#19 C:/Users/gabyr/Downloads/Proyecto web/Proyecto web/gym-app/vendor/laravel/framework/src/Illuminate/Container/Container.php(799): Illuminate/Container/BoundMethod::call()
#20 C:/Users/gabyr/Downloads/Proyecto web/Proyecto web/gym-app/vendor/laravel/framework/src/Illuminate/Console/Command.php(211): Illuminate/Container/Container->call()
#21 C:/Users/gabyr/Downloads/Proyecto web/Proyecto web/gym-app/vendor/symfony/console/Command/Command.php(341): Illuminate/Console/Command->execute()
#22 C:/Users/gabyr/Downloads/Proyecto web/Proyecto web/gym-app/vendor/laravel/framework/src/Illuminate/Console/Command.php(180): Symfony/Component/Console/Command/Command->run()
#23 C:/Users/gabyr/Downloads/Proyecto web/Proyecto web/gym-app/vendor/symfony/console/Application.php(1117): Illuminate/Console/Command->run()
#24 C:/Users/gabyr/Downloads/Proyecto web/Proyecto web/gym-app/vendor/symfony/console/Application.php(356): Symfony/Component/Console/Application->doRunCommand()
#25 C:/Users/gabyr/Downloads/Proyecto web/Proyecto web/gym-app/vendor/symfony/console/Application.php(195): Symfony/Component/Console/Application->doRun()
#26 C:/Users/gabyr/Downloads/Proyecto web/Proyecto web/gym-app/vendor/laravel/framework/src/Illuminate/Foundation/Console/Kernel.php(198): Symfony/Component/Console/Application->run()
#27 C:/Users/gabyr/Downloads/Proyecto web/Proyecto web/gym-app/vendor/laravel/framework/src/Illuminate/Foundation/Application.php(1235): Illuminate/Foundation/Console/Kernel->handle()
#28 C:/Users/gabyr/Downloads/Proyecto web/Proyecto web/gym-app/artisan(16): Illuminate/Foundation/Application->handleCommand()
#29 {main}

[previous exception] [object] (PDOException(code: 2002): SQLSTATE[HY000] [2002] No se puede establecer una conexión ya que el equipo de destino denegó expresamente dicha conexión at C:/Users/gabyr/Downloads/Proyecto web/Proyecto web/gym-app/vendor/laravel/framework/src/Illuminate/Database/Connectors/Connector.php:66)
[stacktrace]
#0 C:/Users/gabyr/Downloads/Proyecto web/Proyecto web/gym-app/vendor/laravel/framework/src/Illuminate/Database/Connectors/Connector.php(66): PDO->__construct()
#1 C:/Users/gabyr/Downloads/Proyecto web/Proyecto web/gym-app/vendor/laravel/framework/src/Illuminate/Database/Connectors/Connector.php(44): Illuminate/Database/Connectors/Connector->createPdoConnection()
#2 C:/Users/gabyr/Downloads/Proyecto web/Proyecto web/gym-app/vendor/laravel/framework/src/Illuminate/Database/Connectors/MySqlConnector.php(24): Illuminate/Database/Connectors/Connector->createConnection()
#3 C:/Users/gabyr/Downloads/Proyecto web/Proyecto web/gym-app/vendor/laravel/framework/src/Illuminate/Database/Connectors/ConnectionFactory.php(186): Illuminate/Database/Connectors/MySqlConnector->connect()
#4 [internal function]: Illuminate/Database/Connectors/ConnectionFactory->Illuminate/Database/Connectors/{closure}()
#5 C:/Users/gabyr/Downloads/Proyecto web/Proyecto web/gym-app/vendor/laravel/framework/src/Illuminate/Database/Connection.php(1257): call_user_func()
#6 C:/Users/gabyr/Downloads/Proyecto web/Proyecto web/gym-app/vendor/laravel/framework/src/Illuminate/Database/Connection.php(1295): Illuminate/Database/Connection->getPdo()
#7 C:/Users/gabyr/Downloads/Proyecto web/Proyecto web/gym-app/vendor/laravel/framework/src/Illuminate/Database/Connection.php(525): Illuminate/Database/Connection->getReadPdo()
#8 C:/Users/gabyr/Downloads/Proyecto web/Proyecto web/gym-app/vendor/laravel/framework/src/Illuminate/Database/Connection.php(420): Illuminate/Database/Connection->getPdoForSelect()
#9 C:/Users/gabyr/Downloads/Proyecto web/Proyecto web/gym-app/vendor/laravel/framework/src/Illuminate/Database/Connection.php(827): Illuminate/Database/Connection->Illuminate/Database/{closure}()
#10 C:/Users/gabyr/Downloads/Proyecto web/Proyecto web/gym-app/vendor/laravel/framework/src/Illuminate/Database/Connection.php(794): Illuminate/Database/Connection->runQueryCallback()
#11 C:/Users/gabyr/Downloads/Proyecto web/Proyecto web/gym-app/vendor/laravel/framework/src/Illuminate/Database/Connection.php(411): Illuminate/Database/Connection->run()
#12 C:/Users/gabyr/Downloads/Proyecto web/Proyecto web/gym-app/vendor/laravel/framework/src/Illuminate/Database/Connection.php(357): Illuminate/Database/Connection->select()
#13 C:/Users/gabyr/Downloads/Proyecto web/Proyecto web/gym-app/vendor/laravel/framework/src/Illuminate/Database/Connection.php(374): Illuminate/Database/Connection->selectOne()
#14 C:/Users/gabyr/Downloads/Proyecto web/Proyecto web/gym-app/vendor/laravel/framework/src/Illuminate/Database/Schema/Builder.php(176): Illuminate/Database/Connection->scalar()
#15 C:/Users/gabyr/Downloads/Proyecto web/Proyecto web/gym-app/vendor/laravel/framework/src/Illuminate/Database/Migrations/DatabaseMigrationRepository.php(185): Illuminate/Database/Schema/Builder->hasTable()
#16 C:/Users/gabyr/Downloads/Proyecto web/Proyecto web/gym-app/vendor/laravel/framework/src/Illuminate/Database/Migrations/Migrator.php(758): Illuminate/Database/Migrations/DatabaseMigrationRepository->repositoryExists()
#17 C:/Users/gabyr/Downloads/Proyecto web/Proyecto web/gym-app/vendor/laravel/framework/src/Illuminate/Database/Console/Migrations/MigrateCommand.php(164): Illuminate/Database/Migrations/Migrator->repositoryExists()
#18 C:/Users/gabyr/Downloads/Proyecto web/Proyecto web/gym-app/vendor/laravel/framework/src/Illuminate/Support/helpers.php(328): Illuminate/Database/Console/Migrations/MigrateCommand->Illuminate/Database/Console/Migrations/{closure}()
#19 C:/Users/gabyr/Downloads/Proyecto web/Proyecto web/gym-app/vendor/laravel/framework/src/Illuminate/Database/Console/Migrations/MigrateCommand.php(164): retry()
#20 C:/Users/gabyr/Downloads/Proyecto web/Proyecto web/gym-app/vendor/laravel/framework/src/Illuminate/Database/Console/Migrations/MigrateCommand.php(140): Illuminate/Database/Console/Migrations/MigrateCommand->repositoryExists()
#21 C:/Users/gabyr/Downloads/Proyecto web/Proyecto web/gym-app/vendor/laravel/framework/src/Illuminate/Database/Console/Migrations/MigrateCommand.php(110): Illuminate/Database/Console/Migrations/MigrateCommand->prepareDatabase()
#22 C:/Users/gabyr/Downloads/Proyecto web/Proyecto web/gym-app/vendor/laravel/framework/src/Illuminate/Database/Migrations/Migrator.php(671): Illuminate/Database/Console/Migrations/MigrateCommand->Illuminate/Database/Console/Migrations/{closure}()
#23 C:/Users/gabyr/Downloads/Proyecto web/Proyecto web/gym-app/vendor/laravel/framework/src/Illuminate/Database/Console/Migrations/MigrateCommand.php(109): Illuminate/Database/Migrations/Migrator->usingConnection()
#24 C:/Users/gabyr/Downloads/Proyecto web/Proyecto web/gym-app/vendor/laravel/framework/src/Illuminate/Database/Console/Migrations/MigrateCommand.php(88): Illuminate/Database/Console/Migrations/MigrateCommand->runMigrations()
#25 C:/Users/gabyr/Downloads/Proyecto web/Proyecto web/gym-app/vendor/laravel/framework/src/Illuminate/Container/BoundMethod.php(36): Illuminate/Database/Console/Migrations/MigrateCommand->handle()
#26 C:/Users/gabyr/Downloads/Proyecto web/Proyecto web/gym-app/vendor/laravel/framework/src/Illuminate/Container/Util.php(43): Illuminate/Container/BoundMethod::Illuminate/Container/{closure}()
#27 C:/Users/gabyr/Downloads/Proyecto web/Proyecto web/gym-app/vendor/laravel/framework/src/Illuminate/Container/BoundMethod.php(96): Illuminate/Container/Util::unwrapIfClosure()
#28 C:/Users/gabyr/Downloads/Proyecto web/Proyecto web/gym-app/vendor/laravel/framework/src/Illuminate/Container/BoundMethod.php(35): Illuminate/Container/BoundMethod::callBoundMethod()
#29 C:/Users/gabyr/Downloads/Proyecto web/Proyecto web/gym-app/vendor/laravel/framework/src/Illuminate/Container/Container.php(799): Illuminate/Container/BoundMethod::call()
#30 C:/Users/gabyr/Downloads/Proyecto web/Proyecto web/gym-app/vendor/laravel/framework/src/Illuminate/Console/Command.php(211): Illuminate/Container/Container->call()
#31 C:/Users/gabyr/Downloads/Proyecto web/Proyecto web/gym-app/vendor/symfony/console/Command/Command.php(341): Illuminate/Console/Command->execute()
#32 C:/Users/gabyr/Downloads/Proyecto web/Proyecto web/gym-app/vendor/laravel/framework/src/Illuminate/Console/Command.php(180): Symfony/Component/Console/Command/Command->run()
#33 C:/Users/gabyr/Downloads/Proyecto web/Proyecto web/gym-app/vendor/symfony/console/Application.php(1117): Illuminate/Console/Command->run()
#34 C:/Users/gabyr/Downloads/Proyecto web/Proyecto web/gym-app/vendor/symfony/console/Application.php(356): Symfony/Component/Console/Application->doRunCommand()
#35 C:/Users/gabyr/Downloads/Proyecto web/Proyecto web/gym-app/vendor/symfony/console/Application.php(195): Symfony/Component/Console/Application->doRun()
#36 C:/Users/gabyr/Downloads/Proyecto web/Proyecto web/gym-app/vendor/laravel/framework/src/Illuminate/Foundation/Console/Kernel.php(198): Symfony/Component/Console/Application->run()
#37 C:/Users/gabyr/Downloads/Proyecto web/Proyecto web/gym-app/vendor/laravel/framework/src/Illuminate/Foundation/Application.php(1235): Illuminate/Foundation/Console/Kernel->handle()
#38 C:/Users/gabyr/Downloads/Proyecto web/Proyecto web/gym-app/artisan(16): Illuminate/Foundation/Application->handleCommand()
#39 {main}
"} 
[2026-05-25 01:02:30] local.ERROR: Database connection [mysqlite] not configured. {"exception":"[object] (InvalidArgumentException(code: 0): Database connection [mysqlite] not configured. at C:/Users/gabyr/Downloads/Proyecto web/Proyecto web/gym-app/vendor/laravel/framework/src/Illuminate/Database/DatabaseManager.php:221)
[stacktrace]
#0 C:/Users/gabyr/Downloads/Proyecto web/Proyecto web/gym-app/vendor/laravel/framework/src/Illuminate/Database/DatabaseManager.php(187): Illuminate/Database/DatabaseManager->configuration()
#1 C:/Users/gabyr/Downloads/Proyecto web/Proyecto web/gym-app/vendor/laravel/framework/src/Illuminate/Database/DatabaseManager.php(102): Illuminate/Database/DatabaseManager->makeConnection()
#2 C:/Users/gabyr/Downloads/Proyecto web/Proyecto web/gym-app/vendor/laravel/framework/src/Illuminate/Database/Migrations/DatabaseMigrationRepository.php(227): Illuminate/Database/DatabaseManager->connection()
#3 C:/Users/gabyr/Downloads/Proyecto web/Proyecto web/gym-app/vendor/laravel/framework/src/Illuminate/Database/Migrations/DatabaseMigrationRepository.php(183): Illuminate/Database/Migrations/DatabaseMigrationRepository->getConnection()
#4 C:/Users/gabyr/Downloads/Proyecto web/Proyecto web/gym-app/vendor/laravel/framework/src/Illuminate/Database/Migrations/Migrator.php(758): Illuminate/Database/Migrations/DatabaseMigrationRepository->repositoryExists()
#5 C:/Users/gabyr/Downloads/Proyecto web/Proyecto web/gym-app/vendor/laravel/framework/src/Illuminate/Database/Console/Migrations/MigrateCommand.php(164): Illuminate/Database/Migrations/Migrator->repositoryExists()
#6 C:/Users/gabyr/Downloads/Proyecto web/Proyecto web/gym-app/vendor/laravel/framework/src/Illuminate/Support/helpers.php(328): Illuminate/Database/Console/Migrations/MigrateCommand->Illuminate/Database/Console/Migrations/{closure}()
#7 C:/Users/gabyr/Downloads/Proyecto web/Proyecto web/gym-app/vendor/laravel/framework/src/Illuminate/Database/Console/Migrations/MigrateCommand.php(164): retry()
#8 C:/Users/gabyr/Downloads/Proyecto web/Proyecto web/gym-app/vendor/laravel/framework/src/Illuminate/Database/Console/Migrations/MigrateCommand.php(140): Illuminate/Database/Console/Migrations/MigrateCommand->repositoryExists()
#9 C:/Users/gabyr/Downloads/Proyecto web/Proyecto web/gym-app/vendor/laravel/framework/src/Illuminate/Database/Console/Migrations/MigrateCommand.php(110): Illuminate/Database/Console/Migrations/MigrateCommand->prepareDatabase()
#10 C:/Users/gabyr/Downloads/Proyecto web/Proyecto web/gym-app/vendor/laravel/framework/src/Illuminate/Database/Migrations/Migrator.php(671): Illuminate/Database/Console/Migrations/MigrateCommand->Illuminate/Database/Console/Migrations/{closure}()
#11 C:/Users/gabyr/Downloads/Proyecto web/Proyecto web/gym-app/vendor/laravel/framework/src/Illuminate/Database/Console/Migrations/MigrateCommand.php(109): Illuminate/Database/Migrations/Migrator->usingConnection()
#12 C:/Users/gabyr/Downloads/Proyecto web/Proyecto web/gym-app/vendor/laravel/framework/src/Illuminate/Database/Console/Migrations/MigrateCommand.php(88): Illuminate/Database/Console/Migrations/MigrateCommand->runMigrations()
#13 C:/Users/gabyr/Downloads/Proyecto web/Proyecto web/gym-app/vendor/laravel/framework/src/Illuminate/Container/BoundMethod.php(36): Illuminate/Database/Console/Migrations/MigrateCommand->handle()
#14 C:/Users/gabyr/Downloads/Proyecto web/Proyecto web/gym-app/vendor/laravel/framework/src/Illuminate/Container/Util.php(43): Illuminate/Container/BoundMethod::Illuminate/Container/{closure}()
#15 C:/Users/gabyr/Downloads/Proyecto web/Proyecto web/gym-app/vendor/laravel/framework/src/Illuminate/Container/BoundMethod.php(96): Illuminate/Container/Util::unwrapIfClosure()
#16 C:/Users/gabyr/Downloads/Proyecto web/Proyecto web/gym-app/vendor/laravel/framework/src/Illuminate/Container/BoundMethod.php(35): Illuminate/Container/BoundMethod::callBoundMethod()
#17 C:/Users/gabyr/Downloads/Proyecto web/Proyecto web/gym-app/vendor/laravel/framework/src/Illuminate/Container/Container.php(799): Illuminate/Container/BoundMethod::call()
#18 C:/Users/gabyr/Downloads/Proyecto web/Proyecto web/gym-app/vendor/laravel/framework/src/Illuminate/Console/Command.php(211): Illuminate/Container/Container->call()
#19 C:/Users/gabyr/Downloads/Proyecto web/Proyecto web/gym-app/vendor/symfony/console/Command/Command.php(341): Illuminate/Console/Command->execute()
#20 C:/Users/gabyr/Downloads/Proyecto web/Proyecto web/gym-app/vendor/laravel/framework/src/Illuminate/Console/Command.php(180): Symfony/Component/Console/Command/Command->run()
#21 C:/Users/gabyr/Downloads/Proyecto web/Proyecto web/gym-app/vendor/symfony/console/Application.php(1117): Illuminate/Console/Command->run()
#22 C:/Users/gabyr/Downloads/Proyecto web/Proyecto web/gym-app/vendor/symfony/console/Application.php(356): Symfony/Component/Console/Application->doRunCommand()
#23 C:/Users/gabyr/Downloads/Proyecto web/Proyecto web/gym-app/vendor/symfony/console/Application.php(195): Symfony/Component/Console/Application->doRun()
#24 C:/Users/gabyr/Downloads/Proyecto web/Proyecto web/gym-app/vendor/laravel/framework/src/Illuminate/Foundation/Console/Kernel.php(198): Symfony/Component/Console/Application->run()
#25 C:/Users/gabyr/Downloads/Proyecto web/Proyecto web/gym-app/vendor/laravel/framework/src/Illuminate/Foundation/Application.php(1235): Illuminate/Foundation/Console/Kernel->handle()
#26 C:/Users/gabyr/Downloads/Proyecto web/Proyecto web/gym-app/artisan(16): Illuminate/Foundation/Application->handleCommand()
#27 {main}
"} 
[2026-05-25 01:04:36] local.ERROR: Route [login] not defined. (View: C:\Users\gabyr\Downloads\Proyecto web\Proyecto web\gym-app\resources\views\layouts\gym.blade.php) (View: C:\Users\gabyr\Downloads\Proyecto web\Proyecto web\gym-app\resources\views\layouts\gym.blade.php) {"exception":"[object] (Illuminate\\View\\ViewException(code: 0): Route [login] not defined. (View: C:\\Users\\gabyr\\Downloads\\Proyecto web\\Proyecto web\\gym-app\\resources\\views\\layouts\\gym.blade.php) (View: C:\\Users\\gabyr\\Downloads\\Proyecto web\\Proyecto web\\gym-app\\resources\\views\\layouts\\gym.blade.php) at C:/Users/gabyr/Downloads/Proyecto web/Proyecto web/gym-app/vendor/laravel/framework/src/Illuminate/Routing/UrlGenerator.php:534)
[stacktrace]
#0 C:/Users/gabyr/Downloads/Proyecto web/Proyecto web/gym-app/vendor/laravel/framework/src/Illuminate/View/Engines/PhpEngine.php(59): Illuminate/View/Engines/CompilerEngine->handleViewException()
#1 C:/Users/gabyr/Downloads/Proyecto web/Proyecto web/gym-app/vendor/laravel/framework/src/Illuminate/View/Engines/CompilerEngine.php(76): Illuminate/View/Engines/PhpEngine->evaluatePath()
#2 C:/Users/gabyr/Downloads/Proyecto web/Proyecto web/gym-app/vendor/laravel/framework/src/Illuminate/View/View.php(208): Illuminate/View/Engines/CompilerEngine->get()
#3 C:/Users/gabyr/Downloads/Proyecto web/Proyecto web/gym-app/vendor/laravel/framework/src/Illuminate/View/View.php(191): Illuminate/View/View->getContents()
#4 C:/Users/gabyr/Downloads/Proyecto web/Proyecto web/gym-app/vendor/laravel/framework/src/Illuminate/View/View.php(160): Illuminate/View/View->renderContents()
#5 C:/Users/gabyr/Downloads/Proyecto web/Proyecto web/gym-app/vendor/laravel/framework/src/Illuminate/Http/Response.php(78): Illuminate/View/View->render()
#6 C:/Users/gabyr/Downloads/Proyecto web/Proyecto web/gym-app/vendor/laravel/framework/src/Illuminate/Http/Response.php(34): Illuminate/Http/Response->setContent()
#7 C:/Users/gabyr/Downloads/Proyecto web/Proyecto web/gym-app/vendor/laravel/framework/src/Illuminate/Routing/Router.php(939): Illuminate/Http/Response->__construct()
#8 C:/Users/gabyr/Downloads/Proyecto web/Proyecto web/gym-app/vendor/laravel/framework/src/Illuminate/Routing/Router.php(906): Illuminate/Routing/Router::toResponse()
#9 C:/Users/gabyr/Downloads/Proyecto web/Proyecto web/gym-app/vendor/laravel/framework/src/Illuminate/Routing/Router.php(821): Illuminate/Routing/Router->prepareResponse()
#10 C:/Users/gabyr/Downloads/Proyecto web/Proyecto web/gym-app/vendor/laravel/framework/src/Illuminate/Pipeline/Pipeline.php(180): Illuminate/Routing/Router->Illuminate/Routing/{closure}()
#11 C:/Users/gabyr/Downloads/Proyecto web/Proyecto web/gym-app/vendor/laravel/framework/src/Illuminate/Routing/Middleware/SubstituteBindings.php(50): Illuminate/Pipeline/Pipeline->Illuminate/Pipeline/{closure}()
#12 C:/Users/gabyr/Downloads/Proyecto web/Proyecto web/gym-app/vendor/laravel/framework/src/Illuminate/Pipeline/Pipeline.php(219): Illuminate/Routing/Middleware/SubstituteBindings->handle()
#13 C:/Users/gabyr/Downloads/Proyecto web/Proyecto web/gym-app/vendor/laravel/framework/src/Illuminate/Foundation/Http/Middleware/VerifyCsrfToken.php(87): Illuminate/Pipeline/Pipeline->Illuminate/Pipeline/{closure}()
#14 C:/Users/gabyr/Downloads/Proyecto web/Proyecto web/gym-app/vendor/laravel/framework/src/Illuminate/Pipeline/Pipeline.php(219): Illuminate/Foundation/Http/Middleware/VerifyCsrfToken->handle()
#15 C:/Users/gabyr/Downloads/Proyecto web/Proyecto web/gym-app/vendor/laravel/framework/src/Illuminate/View/Middleware/ShareErrorsFromSession.php(48): Illuminate/Pipeline/Pipeline->Illuminate/Pipeline/{closure}()
#16 C:/Users/gabyr/Downloads/Proyecto web/Proyecto web/gym-app/vendor/laravel/framework/src/Illuminate/Pipeline/Pipeline.php(219): Illuminate/View/Middleware/ShareErrorsFromSession->handle()
#17 C:/Users/gabyr/Downloads/Proyecto web/Proyecto web/gym-app/vendor/laravel/framework/src/Illuminate/Session/Middleware/StartSession.php(120): Illuminate/Pipeline/Pipeline->Illuminate/Pipeline/{closure}()
#18 C:/Users/gabyr/Downloads/Proyecto web/Proyecto web/gym-app/vendor/laravel/framework/src/Illuminate/Session/Middleware/StartSession.php(63): Illuminate/Session/Middleware/StartSession->handleStatefulRequest()
#19 C:/Users/gabyr/Downloads/Proyecto web/Proyecto web/gym-app/vendor/laravel/framework/src/Illuminate/Pipeline/Pipeline.php(219): Illuminate/Session/Middleware/StartSession->handle()
#20 C:/Users/gabyr/Downloads/Proyecto web/Proyecto web/gym-app/vendor/laravel/framework/src/Illuminate/Cookie/Middleware/AddQueuedCookiesToResponse.php(36): Illuminate/Pipeline/Pipeline->Illuminate/Pipeline/{closure}()
#21 C:/Users/gabyr/Downloads/Proyecto web/Proyecto web/gym-app/vendor/laravel/framework/src/Illuminate/Pipeline/Pipeline.php(219): Illuminate/Cookie/Middleware/AddQueuedCookiesToResponse->handle()
#22 C:/Users/gabyr/Downloads/Proyecto web/Proyecto web/gym-app/vendor/laravel/framework/src/Illuminate/Cookie/Middleware/EncryptCookies.php(74): Illuminate/Pipeline/Pipeline->Illuminate/Pipeline/{closure}()
#23 C:/Users/gabyr/Downloads/Proyecto web/Proyecto web/gym-app/vendor/laravel/framework/src/Illuminate/Pipeline/Pipeline.php(219): Illuminate/Cookie/Middleware/EncryptCookies->handle()
#24 C:/Users/gabyr/Downloads/Proyecto web/Proyecto web/gym-app/vendor/laravel/framework/src/Illuminate/Pipeline/Pipeline.php(137): Illuminate/Pipeline/Pipeline->Illuminate/Pipeline/{closure}()
#25 C:/Users/gabyr/Downloads/Proyecto web/Proyecto web/gym-app/vendor/laravel/framework/src/Illuminate/Routing/Router.php(821): Illuminate/Pipeline/Pipeline->then()
#26 C:/Users/gabyr/Downloads/Proyecto web/Proyecto web/gym-app/vendor/laravel/framework/src/Illuminate/Routing/Router.php(800): Illuminate/Routing/Router->runRouteWithinStack()
#27 C:/Users/gabyr/Downloads/Proyecto web/Proyecto web/gym-app/vendor/laravel/framework/src/Illuminate/Routing/Router.php(764): Illuminate/Routing/Router->runRoute()
#28 C:/Users/gabyr/Downloads/Proyecto web/Proyecto web/gym-app/vendor/laravel/framework/src/Illuminate/Routing/Router.php(753): Illuminate/Routing/Router->dispatchToRoute()
#29 C:/Users/gabyr/Downloads/Proyecto web/Proyecto web/gym-app/vendor/laravel/framework/src/Illuminate/Foundation/Http/Kernel.php(200): Illuminate/Routing/Router->dispatch()
#30 C:/Users/gabyr/Downloads/Proyecto web/Proyecto web/gym-app/vendor/laravel/framework/src/Illuminate/Pipeline/Pipeline.php(180): Illuminate/Foundation/Http/Kernel->Illuminate/Foundation/Http/{closure}()
#31 C:/Users/gabyr/Downloads/Proyecto web/Proyecto web/gym-app/vendor/laravel/framework/src/Illuminate/Foundation/Http/Middleware/TransformsRequest.php(21): Illuminate/Pipeline/Pipeline->Illuminate/Pipeline/{closure}()
#32 C:/Users/gabyr/Downloads/Proyecto web/Proyecto web/gym-app/vendor/laravel/framework/src/Illuminate/Foundation/Http/Middleware/ConvertEmptyStringsToNull.php(31): Illuminate/Foundation/Http/Middleware/TransformsRequest->handle()
#33 C:/Users/gabyr/Downloads/Proyecto web/Proyecto web/gym-app/vendor/laravel/framework/src/Illuminate/Pipeline/Pipeline.php(219): Illuminate/Foundation/Http/Middleware/ConvertEmptyStringsToNull->handle()
#34 C:/Users/gabyr/Downloads/Proyecto web/Proyecto web/gym-app/vendor/laravel/framework/src/Illuminate/Foundation/Http/Middleware/TransformsRequest.php(21): Illuminate/Pipeline/Pipeline->Illuminate/Pipeline/{closure}()
#35 C:/Users/gabyr/Downloads/Proyecto web/Proyecto web/gym-app/vendor/laravel/framework/src/Illuminate/Foundation/Http/Middleware/TrimStrings.php(51): Illuminate/Foundation/Http/Middleware/TransformsRequest->handle()
#36 C:/Users/gabyr/Downloads/Proyecto web/Proyecto web/gym-app/vendor/laravel/framework/src/Illuminate/Pipeline/Pipeline.php(219): Illuminate/Foundation/Http/Middleware/TrimStrings->handle()
#37 C:/Users/gabyr/Downloads/Proyecto web/Proyecto web/gym-app/vendor/laravel/framework/src/Illuminate/Http/Middleware/ValidatePostSize.php(27): Illuminate/Pipeline/Pipeline->Illuminate/Pipeline/{closure}()
#38 C:/Users/gabyr/Downloads/Proyecto web/Proyecto web/gym-app/vendor/laravel/framework/src/Illuminate/Pipeline/Pipeline.php(219): Illuminate/Http/Middleware/ValidatePostSize->handle()
#39 C:/Users/gabyr/Downloads/Proyecto web/Proyecto web/gym-app/vendor/laravel/framework/src/Illuminate/Foundation/Http/Middleware/PreventRequestsDuringMaintenance.php(109): Illuminate/Pipeline/Pipeline->Illuminate/Pipeline/{closure}()
#40 C:/Users/gabyr/Downloads/Proyecto web/Proyecto web/gym-app/vendor/laravel/framework/src/Illuminate/Pipeline/Pipeline.php(219): Illuminate/Foundation/Http/Middleware/PreventRequestsDuringMaintenance->handle()
#41 C:/Users/gabyr/Downloads/Proyecto web/Proyecto web/gym-app/vendor/laravel/framework/src/Illuminate/Http/Middleware/HandleCors.php(61): Illuminate/Pipeline/Pipeline->Illuminate/Pipeline/{closure}()
#42 C:/Users/gabyr/Downloads/Proyecto web/Proyecto web/gym-app/vendor/laravel/framework/src/Illuminate/Pipeline/Pipeline.php(219): Illuminate/Http/Middleware/HandleCors->handle()
#43 C:/Users/gabyr/Downloads/Proyecto web/Proyecto web/gym-app/vendor/laravel/framework/src/Illuminate/Http/Middleware/TrustProxies.php(58): Illuminate/Pipeline/Pipeline->Illuminate/Pipeline/{closure}()
#44 C:/Users/gabyr/Downloads/Proyecto web/Proyecto web/gym-app/vendor/laravel/framework/src/Illuminate/Pipeline/Pipeline.php(219): Illuminate/Http/Middleware/TrustProxies->handle()
#45 C:/Users/gabyr/Downloads/Proyecto web/Proyecto web/gym-app/vendor/laravel/framework/src/Illuminate/Foundation/Http/Middleware/InvokeDeferredCallbacks.php(22): Illuminate/Pipeline/Pipeline->Illuminate/Pipeline/{closure}()
#46 C:/Users/gabyr/Downloads/Proyecto web/Proyecto web/gym-app/vendor/laravel/framework/src/Illuminate/Pipeline/Pipeline.php(219): Illuminate/Foundation/Http/Middleware/InvokeDeferredCallbacks->handle()
#47 C:/Users/gabyr/Downloads/Proyecto web/Proyecto web/gym-app/vendor/laravel/framework/src/Illuminate/Http/Middleware/ValidatePathEncoding.php(26): Illuminate/Pipeline/Pipeline->Illuminate/Pipeline/{closure}()
#48 C:/Users/gabyr/Downloads/Proyecto web/Proyecto web/gym-app/vendor/laravel/framework/src/Illuminate/Pipeline/Pipeline.php(219): Illuminate/Http/Middleware/ValidatePathEncoding->handle()
#49 C:/Users/gabyr/Downloads/Proyecto web/Proyecto web/gym-app/vendor/laravel/framework/src/Illuminate/Pipeline/Pipeline.php(137): Illuminate/Pipeline/Pipeline->Illuminate/Pipeline/{closure}()
#50 C:/Users/gabyr/Downloads/Proyecto web/Proyecto web/gym-app/vendor/laravel/framework/src/Illuminate/Foundation/Http/Kernel.php(175): Illuminate/Pipeline/Pipeline->then()
#51 C:/Users/gabyr/Downloads/Proyecto web/Proyecto web/gym-app/vendor/laravel/framework/src/Illuminate/Foundation/Http/Kernel.php(144): Illuminate/Foundation/Http/Kernel->sendRequestThroughRouter()
#52 C:/Users/gabyr/Downloads/Proyecto web/Proyecto web/gym-app/vendor/laravel/framework/src/Illuminate/Foundation/Application.php(1220): Illuminate/Foundation/Http/Kernel->handle()
#53 C:/Users/gabyr/Downloads/Proyecto web/Proyecto web/gym-app/public/index.php(20): Illuminate/Foundation/Application->handleRequest()
#54 C:/Users/gabyr/Downloads/Proyecto web/Proyecto web/gym-app/vendor/laravel/framework/src/Illuminate/Foundation/resources/server.php(23): require_once('...')
#55 {main}

[previous exception] [object] (Illuminate\\View\\ViewException(code: 0): Route [login] not defined. (View: C:\\Users\\gabyr\\Downloads\\Proyecto web\\Proyecto web\\gym-app\\resources\\views\\layouts\\gym.blade.php) at C:/Users/gabyr/Downloads/Proyecto web/Proyecto web/gym-app/vendor/laravel/framework/src/Illuminate/Routing/UrlGenerator.php:534)
[stacktrace]
#0 C:/Users/gabyr/Downloads/Proyecto web/Proyecto web/gym-app/vendor/laravel/framework/src/Illuminate/View/Engines/PhpEngine.php(59): Illuminate/View/Engines/CompilerEngine->handleViewException()
#1 C:/Users/gabyr/Downloads/Proyecto web/Proyecto web/gym-app/vendor/laravel/framework/src/Illuminate/View/Engines/CompilerEngine.php(76): Illuminate/View/Engines/PhpEngine->evaluatePath()
#2 C:/Users/gabyr/Downloads/Proyecto web/Proyecto web/gym-app/vendor/laravel/framework/src/Illuminate/View/View.php(208): Illuminate/View/Engines/CompilerEngine->get()
#3 C:/Users/gabyr/Downloads/Proyecto web/Proyecto web/gym-app/vendor/laravel/framework/src/Illuminate/View/View.php(191): Illuminate/View/View->getContents()
#4 C:/Users/gabyr/Downloads/Proyecto web/Proyecto web/gym-app/vendor/laravel/framework/src/Illuminate/View/View.php(160): Illuminate/View/View->renderContents()
#5 C:/Users/gabyr/Downloads/Proyecto web/Proyecto web/gym-app/storage/framework/views/83f9892662a848644ef8cca5c057c604.php(34): Illuminate/View/View->render()
#6 C:/Users/gabyr/Downloads/Proyecto web/Proyecto web/gym-app/vendor/laravel/framework/src/Illuminate/Filesystem/Filesystem.php(123): require('...')
#7 C:/Users/gabyr/Downloads/Proyecto web/Proyecto web/gym-app/vendor/laravel/framework/src/Illuminate/Filesystem/Filesystem.php(124): Illuminate/Filesystem/Filesystem::Illuminate/Filesystem/{closure}()
#8 C:/Users/gabyr/Downloads/Proyecto web/Proyecto web/gym-app/vendor/laravel/framework/src/Illuminate/View/Engines/PhpEngine.php(57): Illuminate/Filesystem/Filesystem->getRequire()
#9 C:/Users/gabyr/Downloads/Proyecto web/Proyecto web/gym-app/vendor/laravel/framework/src/Illuminate/View/Engines/CompilerEngine.php(76): Illuminate/View/Engines/PhpEngine->evaluatePath()
#10 C:/Users/gabyr/Downloads/Proyecto web/Proyecto web/gym-app/vendor/laravel/framework/src/Illuminate/View/View.php(208): Illuminate/View/Engines/CompilerEngine->get()
#11 C:/Users/gabyr/Downloads/Proyecto web/Proyecto web/gym-app/vendor/laravel/framework/src/Illuminate/View/View.php(191): Illuminate/View/View->getContents()
#12 C:/Users/gabyr/Downloads/Proyecto web/Proyecto web/gym-app/vendor/laravel/framework/src/Illuminate/View/View.php(160): Illuminate/View/View->renderContents()
#13 C:/Users/gabyr/Downloads/Proyecto web/Proyecto web/gym-app/vendor/laravel/framework/src/Illuminate/Http/Response.php(78): Illuminate/View/View->render()
#14 C:/Users/gabyr/Downloads/Proyecto web/Proyecto web/gym-app/vendor/laravel/framework/src/Illuminate/Http/Response.php(34): Illuminate/Http/Response->setContent()
#15 C:/Users/gabyr/Downloads/Proyecto web/Proyecto web/gym-app/vendor/laravel/framework/src/Illuminate/Routing/Router.php(939): Illuminate/Http/Response->__construct()
#16 C:/Users/gabyr/Downloads/Proyecto web/Proyecto web/gym-app/vendor/laravel/framework/src/Illuminate/Routing/Router.php(906): Illuminate/Routing/Router::toResponse()
#17 C:/Users/gabyr/Downloads/Proyecto web/Proyecto web/gym-app/vendor/laravel/framework/src/Illuminate/Routing/Router.php(821): Illuminate/Routing/Router->prepareResponse()
#18 C:/Users/gabyr/Downloads/Proyecto web/Proyecto web/gym-app/vendor/laravel/framework/src/Illuminate/Pipeline/Pipeline.php(180): Illuminate/Routing/Router->Illuminate/Routing/{closure}()
#19 C:/Users/gabyr/Downloads/Proyecto web/Proyecto web/gym-app/vendor/laravel/framework/src/Illuminate/Routing/Middleware/SubstituteBindings.php(50): Illuminate/Pipeline/Pipeline->Illuminate/Pipeline/{closure}()
#20 C:/Users/gabyr/Downloads/Proyecto web/Proyecto web/gym-app/vendor/laravel/framework/src/Illuminate/Pipeline/Pipeline.php(219): Illuminate/Routing/Middleware/SubstituteBindings->handle()
#21 C:/Users/gabyr/Downloads/Proyecto web/Proyecto web/gym-app/vendor/laravel/framework/src/Illuminate/Foundation/Http/Middleware/VerifyCsrfToken.php(87): Illuminate/Pipeline/Pipeline->Illuminate/Pipeline/{closure}()
#22 C:/Users/gabyr/Downloads/Proyecto web/Proyecto web/gym-app/vendor/laravel/framework/src/Illuminate/Pipeline/Pipeline.php(219): Illuminate/Foundation/Http/Middleware/VerifyCsrfToken->handle()
#23 C:/Users/gabyr/Downloads/Proyecto web/Proyecto web/gym-app/vendor/laravel/framework/src/Illuminate/View/Middleware/ShareErrorsFromSession.php(48): Illuminate/Pipeline/Pipeline->Illuminate/Pipeline/{closure}()
#24 C:/Users/gabyr/Downloads/Proyecto web/Proyecto web/gym-app/vendor/laravel/framework/src/Illuminate/Pipeline/Pipeline.php(219): Illuminate/View/Middleware/ShareErrorsFromSession->handle()
#25 C:/Users/gabyr/Downloads/Proyecto web/Proyecto web/gym-app/vendor/laravel/framework/src/Illuminate/Session/Middleware/StartSession.php(120): Illuminate/Pipeline/Pipeline->Illuminate/Pipeline/{closure}()
#26 C:/Users/gabyr/Downloads/Proyecto web/Proyecto web/gym-app/vendor/laravel/framework/src/Illuminate/Session/Middleware/StartSession.php(63): Illuminate/Session/Middleware/StartSession->handleStatefulRequest()
#27 C:/Users/gabyr/Downloads/Proyecto web/Proyecto web/gym-app/vendor/laravel/framework/src/Illuminate/Pipeline/Pipeline.php(219): Illuminate/Session/Middleware/StartSession->handle()
#28 C:/Users/gabyr/Downloads/Proyecto web/Proyecto web/gym-app/vendor/laravel/framework/src/Illuminate/Cookie/Middleware/AddQueuedCookiesToResponse.php(36): Illuminate/Pipeline/Pipeline->Illuminate/Pipeline/{closure}()
#29 C:/Users/gabyr/Downloads/Proyecto web/Proyecto web/gym-app/vendor/laravel/framework/src/Illuminate/Pipeline/Pipeline.php(219): Illuminate/Cookie/Middleware/AddQueuedCookiesToResponse->handle()
#30 C:/Users/gabyr/Downloads/Proyecto web/Proyecto web/gym-app/vendor/laravel/framework/src/Illuminate/Cookie/Middleware/EncryptCookies.php(74): Illuminate/Pipeline/Pipeline->Illuminate/Pipeline/{closure}()
#31 C:/Users/gabyr/Downloads/Proyecto web/Proyecto web/gym-app/vendor/laravel/framework/src/Illuminate/Pipeline/Pipeline.php(219): Illuminate/Cookie/Middleware/EncryptCookies->handle()
#32 C:/Users/gabyr/Downloads/Proyecto web/Proyecto web/gym-app/vendor/laravel/framework/src/Illuminate/Pipeline/Pipeline.php(137): Illuminate/Pipeline/Pipeline->Illuminate/Pipeline/{closure}()
#33 C:/Users/gabyr/Downloads/Proyecto web/Proyecto web/gym-app/vendor/laravel/framework/src/Illuminate/Routing/Router.php(821): Illuminate/Pipeline/Pipeline->then()
#34 C:/Users/gabyr/Downloads/Proyecto web/Proyecto web/gym-app/vendor/laravel/framework/src/Illuminate/Routing/Router.php(800): Illuminate/Routing/Router->runRouteWithinStack()
#35 C:/Users/gabyr/Downloads/Proyecto web/Proyecto web/gym-app/vendor/laravel/framework/src/Illuminate/Routing/Router.php(764): Illuminate/Routing/Router->runRoute()
#36 C:/Users/gabyr/Downloads/Proyecto web/Proyecto web/gym-app/vendor/laravel/framework/src/Illuminate/Routing/Router.php(753): Illuminate/Routing/Router->dispatchToRoute()
#37 C:/Users/gabyr/Downloads/Proyecto web/Proyecto web/gym-app/vendor/laravel/framework/src/Illuminate/Foundation/Http/Kernel.php(200): Illuminate/Routing/Router->dispatch()
#38 C:/Users/gabyr/Downloads/Proyecto web/Proyecto web/gym-app/vendor/laravel/framework/src/Illuminate/Pipeline/Pipeline.php(180): Illuminate/Foundation/Http/Kernel->Illuminate/Foundation/Http/{closure}()
#39 C:/Users/gabyr/Downloads/Proyecto web/Proyecto web/gym-app/vendor/laravel/framework/src/Illuminate/Foundation/Http/Middleware/TransformsRequest.php(21): Illuminate/Pipeline/Pipeline->Illuminate/Pipeline/{closure}()
#40 C:/Users/gabyr/Downloads/Proyecto web/Proyecto web/gym-app/vendor/laravel/framework/src/Illuminate/Foundation/Http/Middleware/ConvertEmptyStringsToNull.php(31): Illuminate/Foundation/Http/Middleware/TransformsRequest->handle()
#41 C:/Users/gabyr/Downloads/Proyecto web/Proyecto web/gym-app/vendor/laravel/framework/src/Illuminate/Pipeline/Pipeline.php(219): Illuminate/Foundation/Http/Middleware/ConvertEmptyStringsToNull->handle()
#42 C:/Users/gabyr/Downloads/Proyecto web/Proyecto web/gym-app/vendor/laravel/framework/src/Illuminate/Foundation/Http/Middleware/TransformsRequest.php(21): Illuminate/Pipeline/Pipeline->Illuminate/Pipeline/{closure}()
#43 C:/Users/gabyr/Downloads/Proyecto web/Proyecto web/gym-app/vendor/laravel/framework/src/Illuminate/Foundation/Http/Middleware/TrimStrings.php(51): Illuminate/Foundation/Http/Middleware/TransformsRequest->handle()
#44 C:/Users/gabyr/Downloads/Proyecto web/Proyecto web/gym-app/vendor/laravel/framework/src/Illuminate/Pipeline/Pipeline.php(219): Illuminate/Foundation/Http/Middleware/TrimStrings->handle()
#45 C:/Users/gabyr/Downloads/Proyecto web/Proyecto web/gym-app/vendor/laravel/framework/src/Illuminate/Http/Middleware/ValidatePostSize.php(27): Illuminate/Pipeline/Pipeline->Illuminate/Pipeline/{closure}()
#46 C:/Users/gabyr/Downloads/Proyecto web/Proyecto web/gym-app/vendor/laravel/framework/src/Illuminate/Pipeline/Pipeline.php(219): Illuminate/Http/Middleware/ValidatePostSize->handle()
#47 C:/Users/gabyr/Downloads/Proyecto web/Proyecto web/gym-app/vendor/laravel/framework/src/Illuminate/Foundation/Http/Middleware/PreventRequestsDuringMaintenance.php(109): Illuminate/Pipeline/Pipeline->Illuminate/Pipeline/{closure}()
#48 C:/Users/gabyr/Downloads/Proyecto web/Proyecto web/gym-app/vendor/laravel/framework/src/Illuminate/Pipeline/Pipeline.php(219): Illuminate/Foundation/Http/Middleware/PreventRequestsDuringMaintenance->handle()
#49 C:/Users/gabyr/Downloads/Proyecto web/Proyecto web/gym-app/vendor/laravel/framework/src/Illuminate/Http/Middleware/HandleCors.php(61): Illuminate/Pipeline/Pipeline->Illuminate/Pipeline/{closure}()
#50 C:/Users/gabyr/Downloads/Proyecto web/Proyecto web/gym-app/vendor/laravel/framework/src/Illuminate/Pipeline/Pipeline.php(219): Illuminate/Http/Middleware/HandleCors->handle()
#51 C:/Users/gabyr/Downloads/Proyecto web/Proyecto web/gym-app/vendor/laravel/framework/src/Illuminate/Http/Middleware/TrustProxies.php(58): Illuminate/Pipeline/Pipeline->Illuminate/Pipeline/{closure}()
#52 C:/Users/gabyr/Downloads/Proyecto web/Proyecto web/gym-app/vendor/laravel/framework/src/Illuminate/Pipeline/Pipeline.php(219): Illuminate/Http/Middleware/TrustProxies->handle()
#53 C:/Users/gabyr/Downloads/Proyecto web/Proyecto web/gym-app/vendor/laravel/framework/src/Illuminate/Foundation/Http/Middleware/InvokeDeferredCallbacks.php(22): Illuminate/Pipeline/Pipeline->Illuminate/Pipeline/{closure}()
#54 C:/Users/gabyr/Downloads/Proyecto web/Proyecto web/gym-app/vendor/laravel/framework/src/Illuminate/Pipeline/Pipeline.php(219): Illuminate/Foundation/Http/Middleware/InvokeDeferredCallbacks->handle()
#55 C:/Users/gabyr/Downloads/Proyecto web/Proyecto web/gym-app/vendor/laravel/framework/src/Illuminate/Http/Middleware/ValidatePathEncoding.php(26): Illuminate/Pipeline/Pipeline->Illuminate/Pipeline/{closure}()
#56 C:/Users/gabyr/Downloads/Proyecto web/Proyecto web/gym-app/vendor/laravel/framework/src/Illuminate/Pipeline/Pipeline.php(219): Illuminate/Http/Middleware/ValidatePathEncoding->handle()
#57 C:/Users/gabyr/Downloads/Proyecto web/Proyecto web/gym-app/vendor/laravel/framework/src/Illuminate/Pipeline/Pipeline.php(137): Illuminate/Pipeline/Pipeline->Illuminate/Pipeline/{closure}()
#58 C:/Users/gabyr/Downloads/Proyecto web/Proyecto web/gym-app/vendor/laravel/framework/src/Illuminate/Foundation/Http/Kernel.php(175): Illuminate/Pipeline/Pipeline->then()
#59 C:/Users/gabyr/Downloads/Proyecto web/Proyecto web/gym-app/vendor/laravel/framework/src/Illuminate/Foundation/Http/Kernel.php(144): Illuminate/Foundation/Http/Kernel->sendRequestThroughRouter()
#60 C:/Users/gabyr/Downloads/Proyecto web/Proyecto web/gym-app/vendor/laravel/framework/src/Illuminate/Foundation/Application.php(1220): Illuminate/Foundation/Http/Kernel->handle()
#61 C:/Users/gabyr/Downloads/Proyecto web/Proyecto web/gym-app/public/index.php(20): Illuminate/Foundation/Application->handleRequest()
#62 C:/Users/gabyr/Downloads/Proyecto web/Proyecto web/gym-app/vendor/laravel/framework/src/Illuminate/Foundation/resources/server.php(23): require_once('...')
#63 {main}

[previous exception] [object] (Symfony\\Component\\Routing\\Exception\\RouteNotFoundException(code: 0): Route [login] not defined. at C:/Users/gabyr/Downloads/Proyecto web/Proyecto web/gym-app/vendor/laravel/framework/src/Illuminate/Routing/UrlGenerator.php:534)
[stacktrace]
#0 C:/Users/gabyr/Downloads/Proyecto web/Proyecto web/gym-app/vendor/laravel/framework/src/Illuminate/Foundation/helpers.php(870): Illuminate/Routing/UrlGenerator->route()
#1 C:/Users/gabyr/Downloads/Proyecto web/Proyecto web/gym-app/storage/framework/views/89a68ca2c6f81ff434fa518a0f7e0c81.php(31): route()
#2 C:/Users/gabyr/Downloads/Proyecto web/Proyecto web/gym-app/vendor/laravel/framework/src/Illuminate/Filesystem/Filesystem.php(123): require('...')
#3 C:/Users/gabyr/Downloads/Proyecto web/Proyecto web/gym-app/vendor/laravel/framework/src/Illuminate/Filesystem/Filesystem.php(124): Illuminate/Filesystem/Filesystem::Illuminate/Filesystem/{closure}()
#4 C:/Users/gabyr/Downloads/Proyecto web/Proyecto web/gym-app/vendor/laravel/framework/src/Illuminate/View/Engines/PhpEngine.php(57): Illuminate/Filesystem/Filesystem->getRequire()
#5 C:/Users/gabyr/Downloads/Proyecto web/Proyecto web/gym-app/vendor/laravel/framework/src/Illuminate/View/Engines/CompilerEngine.php(76): Illuminate/View/Engines/PhpEngine->evaluatePath()
#6 C:/Users/gabyr/Downloads/Proyecto web/Proyecto web/gym-app/vendor/laravel/framework/src/Illuminate/View/View.php(208): Illuminate/View/Engines/CompilerEngine->get()
#7 C:/Users/gabyr/Downloads/Proyecto web/Proyecto web/gym-app/vendor/laravel/framework/src/Illuminate/View/View.php(191): Illuminate/View/View->getContents()
#8 C:/Users/gabyr/Downloads/Proyecto web/Proyecto web/gym-app/vendor/laravel/framework/src/Illuminate/View/View.php(160): Illuminate/View/View->renderContents()
#9 C:/Users/gabyr/Downloads/Proyecto web/Proyecto web/gym-app/storage/framework/views/83f9892662a848644ef8cca5c057c604.php(34): Illuminate/View/View->render()
#10 C:/Users/gabyr/Downloads/Proyecto web/Proyecto web/gym-app/vendor/laravel/framework/src/Illuminate/Filesystem/Filesystem.php(123): require('...')
#11 C:/Users/gabyr/Downloads/Proyecto web/Proyecto web/gym-app/vendor/laravel/framework/src/Illuminate/Filesystem/Filesystem.php(124): Illuminate/Filesystem/Filesystem::Illuminate/Filesystem/{closure}()
#12 C:/Users/gabyr/Downloads/Proyecto web/Proyecto web/gym-app/vendor/laravel/framework/src/Illuminate/View/Engines/PhpEngine.php(57): Illuminate/Filesystem/Filesystem->getRequire()
#13 C:/Users/gabyr/Downloads/Proyecto web/Proyecto web/gym-app/vendor/laravel/framework/src/Illuminate/View/Engines/CompilerEngine.php(76): Illuminate/View/Engines/PhpEngine->evaluatePath()
#14 C:/Users/gabyr/Downloads/Proyecto web/Proyecto web/gym-app/vendor/laravel/framework/src/Illuminate/View/View.php(208): Illuminate/View/Engines/CompilerEngine->get()
#15 C:/Users/gabyr/Downloads/Proyecto web/Proyecto web/gym-app/vendor/laravel/framework/src/Illuminate/View/View.php(191): Illuminate/View/View->getContents()
#16 C:/Users/gabyr/Downloads/Proyecto web/Proyecto web/gym-app/vendor/laravel/framework/src/Illuminate/View/View.php(160): Illuminate/View/View->renderContents()
#17 C:/Users/gabyr/Downloads/Proyecto web/Proyecto web/gym-app/vendor/laravel/framework/src/Illuminate/Http/Response.php(78): Illuminate/View/View->render()
#18 C:/Users/gabyr/Downloads/Proyecto web/Proyecto web/gym-app/vendor/laravel/framework/src/Illuminate/Http/Response.php(34): Illuminate/Http/Response->setContent()
#19 C:/Users/gabyr/Downloads/Proyecto web/Proyecto web/gym-app/vendor/laravel/framework/src/Illuminate/Routing/Router.php(939): Illuminate/Http/Response->__construct()
#20 C:/Users/gabyr/Downloads/Proyecto web/Proyecto web/gym-app/vendor/laravel/framework/src/Illuminate/Routing/Router.php(906): Illuminate/Routing/Router::toResponse()
#21 C:/Users/gabyr/Downloads/Proyecto web/Proyecto web/gym-app/vendor/laravel/framework/src/Illuminate/Routing/Router.php(821): Illuminate/Routing/Router->prepareResponse()
#22 C:/Users/gabyr/Downloads/Proyecto web/Proyecto web/gym-app/vendor/laravel/framework/src/Illuminate/Pipeline/Pipeline.php(180): Illuminate/Routing/Router->Illuminate/Routing/{closure}()
#23 C:/Users/gabyr/Downloads/Proyecto web/Proyecto web/gym-app/vendor/laravel/framework/src/Illuminate/Routing/Middleware/SubstituteBindings.php(50): Illuminate/Pipeline/Pipeline->Illuminate/Pipeline/{closure}()
#24 C:/Users/gabyr/Downloads/Proyecto web/Proyecto web/gym-app/vendor/laravel/framework/src/Illuminate/Pipeline/Pipeline.php(219): Illuminate/Routing/Middleware/SubstituteBindings->handle()
#25 C:/Users/gabyr/Downloads/Proyecto web/Proyecto web/gym-app/vendor/laravel/framework/src/Illuminate/Foundation/Http/Middleware/VerifyCsrfToken.php(87): Illuminate/Pipeline/Pipeline->Illuminate/Pipeline/{closure}()
#26 C:/Users/gabyr/Downloads/Proyecto web/Proyecto web/gym-app/vendor/laravel/framework/src/Illuminate/Pipeline/Pipeline.php(219): Illuminate/Foundation/Http/Middleware/VerifyCsrfToken->handle()
#27 C:/Users/gabyr/Downloads/Proyecto web/Proyecto web/gym-app/vendor/laravel/framework/src/Illuminate/View/Middleware/ShareErrorsFromSession.php(48): Illuminate/Pipeline/Pipeline->Illuminate/Pipeline/{closure}()
#28 C:/Users/gabyr/Downloads/Proyecto web/Proyecto web/gym-app/vendor/laravel/framework/src/Illuminate/Pipeline/Pipeline.php(219): Illuminate/View/Middleware/ShareErrorsFromSession->handle()
#29 C:/Users/gabyr/Downloads/Proyecto web/Proyecto web/gym-app/vendor/laravel/framework/src/Illuminate/Session/Middleware/StartSession.php(120): Illuminate/Pipeline/Pipeline->Illuminate/Pipeline/{closure}()
#30 C:/Users/gabyr/Downloads/Proyecto web/Proyecto web/gym-app/vendor/laravel/framework/src/Illuminate/Session/Middleware/StartSession.php(63): Illuminate/Session/Middleware/StartSession->handleStatefulRequest()
#31 C:/Users/gabyr/Downloads/Proyecto web/Proyecto web/gym-app/vendor/laravel/framework/src/Illuminate/Pipeline/Pipeline.php(219): Illuminate/Session/Middleware/StartSession->handle()
#32 C:/Users/gabyr/Downloads/Proyecto web/Proyecto web/gym-app/vendor/laravel/framework/src/Illuminate/Cookie/Middleware/AddQueuedCookiesToResponse.php(36): Illuminate/Pipeline/Pipeline->Illuminate/Pipeline/{closure}()
#33 C:/Users/gabyr/Downloads/Proyecto web/Proyecto web/gym-app/vendor/laravel/framework/src/Illuminate/Pipeline/Pipeline.php(219): Illuminate/Cookie/Middleware/AddQueuedCookiesToResponse->handle()
#34 C:/Users/gabyr/Downloads/Proyecto web/Proyecto web/gym-app/vendor/laravel/framework/src/Illuminate/Cookie/Middleware/EncryptCookies.php(74): Illuminate/Pipeline/Pipeline->Illuminate/Pipeline/{closure}()
#35 C:/Users/gabyr/Downloads/Proyecto web/Proyecto web/gym-app/vendor/laravel/framework/src/Illuminate/Pipeline/Pipeline.php(219): Illuminate/Cookie/Middleware/EncryptCookies->handle()
#36 C:/Users/gabyr/Downloads/Proyecto web/Proyecto web/gym-app/vendor/laravel/framework/src/Illuminate/Pipeline/Pipeline.php(137): Illuminate/Pipeline/Pipeline->Illuminate/Pipeline/{closure}()
#37 C:/Users/gabyr/Downloads/Proyecto web/Proyecto web/gym-app/vendor/laravel/framework/src/Illuminate/Routing/Router.php(821): Illuminate/Pipeline/Pipeline->then()
#38 C:/Users/gabyr/Downloads/Proyecto web/Proyecto web/gym-app/vendor/laravel/framework/src/Illuminate/Routing/Router.php(800): Illuminate/Routing/Router->runRouteWithinStack()
#39 C:/Users/gabyr/Downloads/Proyecto web/Proyecto web/gym-app/vendor/laravel/framework/src/Illuminate/Routing/Router.php(764): Illuminate/Routing/Router->runRoute()
#40 C:/Users/gabyr/Downloads/Proyecto web/Proyecto web/gym-app/vendor/laravel/framework/src/Illuminate/Routing/Router.php(753): Illuminate/Routing/Router->dispatchToRoute()
#41 C:/Users/gabyr/Downloads/Proyecto web/Proyecto web/gym-app/vendor/laravel/framework/src/Illuminate/Foundation/Http/Kernel.php(200): Illuminate/Routing/Router->dispatch()
#42 C:/Users/gabyr/Downloads/Proyecto web/Proyecto web/gym-app/vendor/laravel/framework/src/Illuminate/Pipeline/Pipeline.php(180): Illuminate/Foundation/Http/Kernel->Illuminate/Foundation/Http/{closure}()
#43 C:/Users/gabyr/Downloads/Proyecto web/Proyecto web/gym-app/vendor/laravel/framework/src/Illuminate/Foundation/Http/Middleware/TransformsRequest.php(21): Illuminate/Pipeline/Pipeline->Illuminate/Pipeline/{closure}()
#44 C:/Users/gabyr/Downloads/Proyecto web/Proyecto web/gym-app/vendor/laravel/framework/src/Illuminate/Foundation/Http/Middleware/ConvertEmptyStringsToNull.php(31): Illuminate/Foundation/Http/Middleware/TransformsRequest->handle()
#45 C:/Users/gabyr/Downloads/Proyecto web/Proyecto web/gym-app/vendor/laravel/framework/src/Illuminate/Pipeline/Pipeline.php(219): Illuminate/Foundation/Http/Middleware/ConvertEmptyStringsToNull->handle()
#46 C:/Users/gabyr/Downloads/Proyecto web/Proyecto web/gym-app/vendor/laravel/framework/src/Illuminate/Foundation/Http/Middleware/TransformsRequest.php(21): Illuminate/Pipeline/Pipeline->Illuminate/Pipeline/{closure}()
#47 C:/Users/gabyr/Downloads/Proyecto web/Proyecto web/gym-app/vendor/laravel/framework/src/Illuminate/Foundation/Http/Middleware/TrimStrings.php(51): Illuminate/Foundation/Http/Middleware/TransformsRequest->handle()
#48 C:/Users/gabyr/Downloads/Proyecto web/Proyecto web/gym-app/vendor/laravel/framework/src/Illuminate/Pipeline/Pipeline.php(219): Illuminate/Foundation/Http/Middleware/TrimStrings->handle()
#49 C:/Users/gabyr/Downloads/Proyecto web/Proyecto web/gym-app/vendor/laravel/framework/src/Illuminate/Http/Middleware/ValidatePostSize.php(27): Illuminate/Pipeline/Pipeline->Illuminate/Pipeline/{closure}()
#50 C:/Users/gabyr/Downloads/Proyecto web/Proyecto web/gym-app/vendor/laravel/framework/src/Illuminate/Pipeline/Pipeline.php(219): Illuminate/Http/Middleware/ValidatePostSize->handle()
#51 C:/Users/gabyr/Downloads/Proyecto web/Proyecto web/gym-app/vendor/laravel/framework/src/Illuminate/Foundation/Http/Middleware/PreventRequestsDuringMaintenance.php(109): Illuminate/Pipeline/Pipeline->Illuminate/Pipeline/{closure}()
#52 C:/Users/gabyr/Downloads/Proyecto web/Proyecto web/gym-app/vendor/laravel/framework/src/Illuminate/Pipeline/Pipeline.php(219): Illuminate/Foundation/Http/Middleware/PreventRequestsDuringMaintenance->handle()
#53 C:/Users/gabyr/Downloads/Proyecto web/Proyecto web/gym-app/vendor/laravel/framework/src/Illuminate/Http/Middleware/HandleCors.php(61): Illuminate/Pipeline/Pipeline->Illuminate/Pipeline/{closure}()
#54 C:/Users/gabyr/Downloads/Proyecto web/Proyecto web/gym-app/vendor/laravel/framework/src/Illuminate/Pipeline/Pipeline.php(219): Illuminate/Http/Middleware/HandleCors->handle()
#55 C:/Users/gabyr/Downloads/Proyecto web/Proyecto web/gym-app/vendor/laravel/framework/src/Illuminate/Http/Middleware/TrustProxies.php(58): Illuminate/Pipeline/Pipeline->Illuminate/Pipeline/{closure}()
#56 C:/Users/gabyr/Downloads/Proyecto web/Proyecto web/gym-app/vendor/laravel/framework/src/Illuminate/Pipeline/Pipeline.php(219): Illuminate/Http/Middleware/TrustProxies->handle()
#57 C:/Users/gabyr/Downloads/Proyecto web/Proyecto web/gym-app/vendor/laravel/framework/src/Illuminate/Foundation/Http/Middleware/InvokeDeferredCallbacks.php(22): Illuminate/Pipeline/Pipeline->Illuminate/Pipeline/{closure}()
#58 C:/Users/gabyr/Downloads/Proyecto web/Proyecto web/gym-app/vendor/laravel/framework/src/Illuminate/Pipeline/Pipeline.php(219): Illuminate/Foundation/Http/Middleware/InvokeDeferredCallbacks->handle()
#59 C:/Users/gabyr/Downloads/Proyecto web/Proyecto web/gym-app/vendor/laravel/framework/src/Illuminate/Http/Middleware/ValidatePathEncoding.php(26): Illuminate/Pipeline/Pipeline->Illuminate/Pipeline/{closure}()
#60 C:/Users/gabyr/Downloads/Proyecto web/Proyecto web/gym-app/vendor/laravel/framework/src/Illuminate/Pipeline/Pipeline.php(219): Illuminate/Http/Middleware/ValidatePathEncoding->handle()
#61 C:/Users/gabyr/Downloads/Proyecto web/Proyecto web/gym-app/vendor/laravel/framework/src/Illuminate/Pipeline/Pipeline.php(137): Illuminate/Pipeline/Pipeline->Illuminate/Pipeline/{closure}()
#62 C:/Users/gabyr/Downloads/Proyecto web/Proyecto web/gym-app/vendor/laravel/framework/src/Illuminate/Foundation/Http/Kernel.php(175): Illuminate/Pipeline/Pipeline->then()
#63 C:/Users/gabyr/Downloads/Proyecto web/Proyecto web/gym-app/vendor/laravel/framework/src/Illuminate/Foundation/Http/Kernel.php(144): Illuminate/Foundation/Http/Kernel->sendRequestThroughRouter()
#64 C:/Users/gabyr/Downloads/Proyecto web/Proyecto web/gym-app/vendor/laravel/framework/src/Illuminate/Foundation/Application.php(1220): Illuminate/Foundation/Http/Kernel->handle()
#65 C:/Users/gabyr/Downloads/Proyecto web/Proyecto web/gym-app/public/index.php(20): Illuminate/Foundation/Application->handleRequest()
#66 C:/Users/gabyr/Downloads/Proyecto web/Proyecto web/gym-app/vendor/laravel/framework/src/Illuminate/Foundation/resources/server.php(23): require_once('...')
#67 {main}
"} 
[2026-05-25 01:07:12] local.ERROR: Target class [App\Http\Controllers\ProductoController] does not exist. {"exception":"[object] (Illuminate\\Contracts\\Container\\BindingResolutionException(code: 0): Target class [App\\Http\\Controllers\\ProductoController] does not exist. at C:/Users/gabyr/Downloads/Proyecto web/Proyecto web/gym-app/vendor/laravel/framework/src/Illuminate/Container/Container.php:1124)
[stacktrace]
#0 C:/Users/gabyr/Downloads/Proyecto web/Proyecto web/gym-app/vendor/laravel/framework/src/Illuminate/Container/Container.php(933): Illuminate/Container/Container->build()
#1 C:/Users/gabyr/Downloads/Proyecto web/Proyecto web/gym-app/vendor/laravel/framework/src/Illuminate/Foundation/Application.php(1078): Illuminate/Container/Container->resolve()
#2 C:/Users/gabyr/Downloads/Proyecto web/Proyecto web/gym-app/vendor/laravel/framework/src/Illuminate/Container/Container.php(864): Illuminate/Foundation/Application->resolve()
#3 C:/Users/gabyr/Downloads/Proyecto web/Proyecto web/gym-app/vendor/laravel/framework/src/Illuminate/Foundation/Application.php(1058): Illuminate/Container/Container->make()
#4 C:/Users/gabyr/Downloads/Proyecto web/Proyecto web/gym-app/vendor/laravel/framework/src/Illuminate/Routing/Route.php(286): Illuminate/Foundation/Application->make()
#5 C:/Users/gabyr/Downloads/Proyecto web/Proyecto web/gym-app/vendor/laravel/framework/src/Illuminate/Routing/Route.php(266): Illuminate/Routing/Route->getController()
#6 C:/Users/gabyr/Downloads/Proyecto web/Proyecto web/gym-app/vendor/laravel/framework/src/Illuminate/Routing/Route.php(211): Illuminate/Routing/Route->runController()
#7 C:/Users/gabyr/Downloads/Proyecto web/Proyecto web/gym-app/vendor/laravel/framework/src/Illuminate/Routing/Router.php(822): Illuminate/Routing/Route->run()
#8 C:/Users/gabyr/Downloads/Proyecto web/Proyecto web/gym-app/vendor/laravel/framework/src/Illuminate/Pipeline/Pipeline.php(180): Illuminate/Routing/Router->Illuminate/Routing/{closure}()
#9 C:/Users/gabyr/Downloads/Proyecto web/Proyecto web/gym-app/vendor/laravel/framework/src/Illuminate/Routing/Middleware/SubstituteBindings.php(50): Illuminate/Pipeline/Pipeline->Illuminate/Pipeline/{closure}()
#10 C:/Users/gabyr/Downloads/Proyecto web/Proyecto web/gym-app/vendor/laravel/framework/src/Illuminate/Pipeline/Pipeline.php(219): Illuminate/Routing/Middleware/SubstituteBindings->handle()
#11 C:/Users/gabyr/Downloads/Proyecto web/Proyecto web/gym-app/vendor/laravel/framework/src/Illuminate/Foundation/Http/Middleware/VerifyCsrfToken.php(87): Illuminate/Pipeline/Pipeline->Illuminate/Pipeline/{closure}()
#12 C:/Users/gabyr/Downloads/Proyecto web/Proyecto web/gym-app/vendor/laravel/framework/src/Illuminate/Pipeline/Pipeline.php(219): Illuminate/Foundation/Http/Middleware/VerifyCsrfToken->handle()
#13 C:/Users/gabyr/Downloads/Proyecto web/Proyecto web/gym-app/vendor/laravel/framework/src/Illuminate/View/Middleware/ShareErrorsFromSession.php(48): Illuminate/Pipeline/Pipeline->Illuminate/Pipeline/{closure}()
#14 C:/Users/gabyr/Downloads/Proyecto web/Proyecto web/gym-app/vendor/laravel/framework/src/Illuminate/Pipeline/Pipeline.php(219): Illuminate/View/Middleware/ShareErrorsFromSession->handle()
#15 C:/Users/gabyr/Downloads/Proyecto web/Proyecto web/gym-app/vendor/laravel/framework/src/Illuminate/Session/Middleware/StartSession.php(120): Illuminate/Pipeline/Pipeline->Illuminate/Pipeline/{closure}()
#16 C:/Users/gabyr/Downloads/Proyecto web/Proyecto web/gym-app/vendor/laravel/framework/src/Illuminate/Session/Middleware/StartSession.php(63): Illuminate/Session/Middleware/StartSession->handleStatefulRequest()
#17 C:/Users/gabyr/Downloads/Proyecto web/Proyecto web/gym-app/vendor/laravel/framework/src/Illuminate/Pipeline/Pipeline.php(219): Illuminate/Session/Middleware/StartSession->handle()
#18 C:/Users/gabyr/Downloads/Proyecto web/Proyecto web/gym-app/vendor/laravel/framework/src/Illuminate/Cookie/Middleware/AddQueuedCookiesToResponse.php(36): Illuminate/Pipeline/Pipeline->Illuminate/Pipeline/{closure}()
#19 C:/Users/gabyr/Downloads/Proyecto web/Proyecto web/gym-app/vendor/laravel/framework/src/Illuminate/Pipeline/Pipeline.php(219): Illuminate/Cookie/Middleware/AddQueuedCookiesToResponse->handle()
#20 C:/Users/gabyr/Downloads/Proyecto web/Proyecto web/gym-app/vendor/laravel/framework/src/Illuminate/Cookie/Middleware/EncryptCookies.php(74): Illuminate/Pipeline/Pipeline->Illuminate/Pipeline/{closure}()
#21 C:/Users/gabyr/Downloads/Proyecto web/Proyecto web/gym-app/vendor/laravel/framework/src/Illuminate/Pipeline/Pipeline.php(219): Illuminate/Cookie/Middleware/EncryptCookies->handle()
#22 C:/Users/gabyr/Downloads/Proyecto web/Proyecto web/gym-app/vendor/laravel/framework/src/Illuminate/Pipeline/Pipeline.php(137): Illuminate/Pipeline/Pipeline->Illuminate/Pipeline/{closure}()
#23 C:/Users/gabyr/Downloads/Proyecto web/Proyecto web/gym-app/vendor/laravel/framework/src/Illuminate/Routing/Router.php(821): Illuminate/Pipeline/Pipeline->then()
#24 C:/Users/gabyr/Downloads/Proyecto web/Proyecto web/gym-app/vendor/laravel/framework/src/Illuminate/Routing/Router.php(800): Illuminate/Routing/Router->runRouteWithinStack()
#25 C:/Users/gabyr/Downloads/Proyecto web/Proyecto web/gym-app/vendor/laravel/framework/src/Illuminate/Routing/Router.php(764): Illuminate/Routing/Router->runRoute()
#26 C:/Users/gabyr/Downloads/Proyecto web/Proyecto web/gym-app/vendor/laravel/framework/src/Illuminate/Routing/Router.php(753): Illuminate/Routing/Router->dispatchToRoute()
#27 C:/Users/gabyr/Downloads/Proyecto web/Proyecto web/gym-app/vendor/laravel/framework/src/Illuminate/Foundation/Http/Kernel.php(200): Illuminate/Routing/Router->dispatch()
#28 C:/Users/gabyr/Downloads/Proyecto web/Proyecto web/gym-app/vendor/laravel/framework/src/Illuminate/Pipeline/Pipeline.php(180): Illuminate/Foundation/Http/Kernel->Illuminate/Foundation/Http/{closure}()
#29 C:/Users/gabyr/Downloads/Proyecto web/Proyecto web/gym-app/vendor/laravel/framework/src/Illuminate/Foundation/Http/Middleware/TransformsRequest.php(21): Illuminate/Pipeline/Pipeline->Illuminate/Pipeline/{closure}()
#30 C:/Users/gabyr/Downloads/Proyecto web/Proyecto web/gym-app/vendor/laravel/framework/src/Illuminate/Foundation/Http/Middleware/ConvertEmptyStringsToNull.php(31): Illuminate/Foundation/Http/Middleware/TransformsRequest->handle()
#31 C:/Users/gabyr/Downloads/Proyecto web/Proyecto web/gym-app/vendor/laravel/framework/src/Illuminate/Pipeline/Pipeline.php(219): Illuminate/Foundation/Http/Middleware/ConvertEmptyStringsToNull->handle()
#32 C:/Users/gabyr/Downloads/Proyecto web/Proyecto web/gym-app/vendor/laravel/framework/src/Illuminate/Foundation/Http/Middleware/TransformsRequest.php(21): Illuminate/Pipeline/Pipeline->Illuminate/Pipeline/{closure}()
#33 C:/Users/gabyr/Downloads/Proyecto web/Proyecto web/gym-app/vendor/laravel/framework/src/Illuminate/Foundation/Http/Middleware/TrimStrings.php(51): Illuminate/Foundation/Http/Middleware/TransformsRequest->handle()
#34 C:/Users/gabyr/Downloads/Proyecto web/Proyecto web/gym-app/vendor/laravel/framework/src/Illuminate/Pipeline/Pipeline.php(219): Illuminate/Foundation/Http/Middleware/TrimStrings->handle()
#35 C:/Users/gabyr/Downloads/Proyecto web/Proyecto web/gym-app/vendor/laravel/framework/src/Illuminate/Http/Middleware/ValidatePostSize.php(27): Illuminate/Pipeline/Pipeline->Illuminate/Pipeline/{closure}()
#36 C:/Users/gabyr/Downloads/Proyecto web/Proyecto web/gym-app/vendor/laravel/framework/src/Illuminate/Pipeline/Pipeline.php(219): Illuminate/Http/Middleware/ValidatePostSize->handle()
#37 C:/Users/gabyr/Downloads/Proyecto web/Proyecto web/gym-app/vendor/laravel/framework/src/Illuminate/Foundation/Http/Middleware/PreventRequestsDuringMaintenance.php(109): Illuminate/Pipeline/Pipeline->Illuminate/Pipeline/{closure}()
#38 C:/Users/gabyr/Downloads/Proyecto web/Proyecto web/gym-app/vendor/laravel/framework/src/Illuminate/Pipeline/Pipeline.php(219): Illuminate/Foundation/Http/Middleware/PreventRequestsDuringMaintenance->handle()
#39 C:/Users/gabyr/Downloads/Proyecto web/Proyecto web/gym-app/vendor/laravel/framework/src/Illuminate/Http/Middleware/HandleCors.php(61): Illuminate/Pipeline/Pipeline->Illuminate/Pipeline/{closure}()
#40 C:/Users/gabyr/Downloads/Proyecto web/Proyecto web/gym-app/vendor/laravel/framework/src/Illuminate/Pipeline/Pipeline.php(219): Illuminate/Http/Middleware/HandleCors->handle()
#41 C:/Users/gabyr/Downloads/Proyecto web/Proyecto web/gym-app/vendor/laravel/framework/src/Illuminate/Http/Middleware/TrustProxies.php(58): Illuminate/Pipeline/Pipeline->Illuminate/Pipeline/{closure}()
#42 C:/Users/gabyr/Downloads/Proyecto web/Proyecto web/gym-app/vendor/laravel/framework/src/Illuminate/Pipeline/Pipeline.php(219): Illuminate/Http/Middleware/TrustProxies->handle()
#43 C:/Users/gabyr/Downloads/Proyecto web/Proyecto web/gym-app/vendor/laravel/framework/src/Illuminate/Foundation/Http/Middleware/InvokeDeferredCallbacks.php(22): Illuminate/Pipeline/Pipeline->Illuminate/Pipeline/{closure}()
#44 C:/Users/gabyr/Downloads/Proyecto web/Proyecto web/gym-app/vendor/laravel/framework/src/Illuminate/Pipeline/Pipeline.php(219): Illuminate/Foundation/Http/Middleware/InvokeDeferredCallbacks->handle()
#45 C:/Users/gabyr/Downloads/Proyecto web/Proyecto web/gym-app/vendor/laravel/framework/src/Illuminate/Http/Middleware/ValidatePathEncoding.php(26): Illuminate/Pipeline/Pipeline->Illuminate/Pipeline/{closure}()
#46 C:/Users/gabyr/Downloads/Proyecto web/Proyecto web/gym-app/vendor/laravel/framework/src/Illuminate/Pipeline/Pipeline.php(219): Illuminate/Http/Middleware/ValidatePathEncoding->handle()
#47 C:/Users/gabyr/Downloads/Proyecto web/Proyecto web/gym-app/vendor/laravel/framework/src/Illuminate/Pipeline/Pipeline.php(137): Illuminate/Pipeline/Pipeline->Illuminate/Pipeline/{closure}()
#48 C:/Users/gabyr/Downloads/Proyecto web/Proyecto web/gym-app/vendor/laravel/framework/src/Illuminate/Foundation/Http/Kernel.php(175): Illuminate/Pipeline/Pipeline->then()
#49 C:/Users/gabyr/Downloads/Proyecto web/Proyecto web/gym-app/vendor/laravel/framework/src/Illuminate/Foundation/Http/Kernel.php(144): Illuminate/Foundation/Http/Kernel->sendRequestThroughRouter()
#50 C:/Users/gabyr/Downloads/Proyecto web/Proyecto web/gym-app/vendor/laravel/framework/src/Illuminate/Foundation/Application.php(1220): Illuminate/Foundation/Http/Kernel->handle()
#51 C:/Users/gabyr/Downloads/Proyecto web/Proyecto web/gym-app/public/index.php(20): Illuminate/Foundation/Application->handleRequest()
#52 C:/Users/gabyr/Downloads/Proyecto web/Proyecto web/gym-app/vendor/laravel/framework/src/Illuminate/Foundation/resources/server.php(23): require_once('...')
#53 {main}

[previous exception] [object] (ReflectionException(code: -1): Class \"App\\Http\\Controllers\\ProductoController\" does not exist at C:/Users/gabyr/Downloads/Proyecto web/Proyecto web/gym-app/vendor/laravel/framework/src/Illuminate/Container/Container.php:1122)
[stacktrace]
#0 C:/Users/gabyr/Downloads/Proyecto web/Proyecto web/gym-app/vendor/laravel/framework/src/Illuminate/Container/Container.php(1122): ReflectionClass->__construct()
#1 C:/Users/gabyr/Downloads/Proyecto web/Proyecto web/gym-app/vendor/laravel/framework/src/Illuminate/Container/Container.php(933): Illuminate/Container/Container->build()
#2 C:/Users/gabyr/Downloads/Proyecto web/Proyecto web/gym-app/vendor/laravel/framework/src/Illuminate/Foundation/Application.php(1078): Illuminate/Container/Container->resolve()
#3 C:/Users/gabyr/Downloads/Proyecto web/Proyecto web/gym-app/vendor/laravel/framework/src/Illuminate/Container/Container.php(864): Illuminate/Foundation/Application->resolve()
#4 C:/Users/gabyr/Downloads/Proyecto web/Proyecto web/gym-app/vendor/laravel/framework/src/Illuminate/Foundation/Application.php(1058): Illuminate/Container/Container->make()
#5 C:/Users/gabyr/Downloads/Proyecto web/Proyecto web/gym-app/vendor/laravel/framework/src/Illuminate/Routing/Route.php(286): Illuminate/Foundation/Application->make()
#6 C:/Users/gabyr/Downloads/Proyecto web/Proyecto web/gym-app/vendor/laravel/framework/src/Illuminate/Routing/Route.php(266): Illuminate/Routing/Route->getController()
#7 C:/Users/gabyr/Downloads/Proyecto web/Proyecto web/gym-app/vendor/laravel/framework/src/Illuminate/Routing/Route.php(211): Illuminate/Routing/Route->runController()
#8 C:/Users/gabyr/Downloads/Proyecto web/Proyecto web/gym-app/vendor/laravel/framework/src/Illuminate/Routing/Router.php(822): Illuminate/Routing/Route->run()
#9 C:/Users/gabyr/Downloads/Proyecto web/Proyecto web/gym-app/vendor/laravel/framework/src/Illuminate/Pipeline/Pipeline.php(180): Illuminate/Routing/Router->Illuminate/Routing/{closure}()
#10 C:/Users/gabyr/Downloads/Proyecto web/Proyecto web/gym-app/vendor/laravel/framework/src/Illuminate/Routing/Middleware/SubstituteBindings.php(50): Illuminate/Pipeline/Pipeline->Illuminate/Pipeline/{closure}()
#11 C:/Users/gabyr/Downloads/Proyecto web/Proyecto web/gym-app/vendor/laravel/framework/src/Illuminate/Pipeline/Pipeline.php(219): Illuminate/Routing/Middleware/SubstituteBindings->handle()
#12 C:/Users/gabyr/Downloads/Proyecto web/Proyecto web/gym-app/vendor/laravel/framework/src/Illuminate/Foundation/Http/Middleware/VerifyCsrfToken.php(87): Illuminate/Pipeline/Pipeline->Illuminate/Pipeline/{closure}()
#13 C:/Users/gabyr/Downloads/Proyecto web/Proyecto web/gym-app/vendor/laravel/framework/src/Illuminate/Pipeline/Pipeline.php(219): Illuminate/Foundation/Http/Middleware/VerifyCsrfToken->handle()
#14 C:/Users/gabyr/Downloads/Proyecto web/Proyecto web/gym-app/vendor/laravel/framework/src/Illuminate/View/Middleware/ShareErrorsFromSession.php(48): Illuminate/Pipeline/Pipeline->Illuminate/Pipeline/{closure}()
#15 C:/Users/gabyr/Downloads/Proyecto web/Proyecto web/gym-app/vendor/laravel/framework/src/Illuminate/Pipeline/Pipeline.php(219): Illuminate/View/Middleware/ShareErrorsFromSession->handle()
#16 C:/Users/gabyr/Downloads/Proyecto web/Proyecto web/gym-app/vendor/laravel/framework/src/Illuminate/Session/Middleware/StartSession.php(120): Illuminate/Pipeline/Pipeline->Illuminate/Pipeline/{closure}()
#17 C:/Users/gabyr/Downloads/Proyecto web/Proyecto web/gym-app/vendor/laravel/framework/src/Illuminate/Session/Middleware/StartSession.php(63): Illuminate/Session/Middleware/StartSession->handleStatefulRequest()
#18 C:/Users/gabyr/Downloads/Proyecto web/Proyecto web/gym-app/vendor/laravel/framework/src/Illuminate/Pipeline/Pipeline.php(219): Illuminate/Session/Middleware/StartSession->handle()
#19 C:/Users/gabyr/Downloads/Proyecto web/Proyecto web/gym-app/vendor/laravel/framework/src/Illuminate/Cookie/Middleware/AddQueuedCookiesToResponse.php(36): Illuminate/Pipeline/Pipeline->Illuminate/Pipeline/{closure}()
#20 C:/Users/gabyr/Downloads/Proyecto web/Proyecto web/gym-app/vendor/laravel/framework/src/Illuminate/Pipeline/Pipeline.php(219): Illuminate/Cookie/Middleware/AddQueuedCookiesToResponse->handle()
#21 C:/Users/gabyr/Downloads/Proyecto web/Proyecto web/gym-app/vendor/laravel/framework/src/Illuminate/Cookie/Middleware/EncryptCookies.php(74): Illuminate/Pipeline/Pipeline->Illuminate/Pipeline/{closure}()
#22 C:/Users/gabyr/Downloads/Proyecto web/Proyecto web/gym-app/vendor/laravel/framework/src/Illuminate/Pipeline/Pipeline.php(219): Illuminate/Cookie/Middleware/EncryptCookies->handle()
#23 C:/Users/gabyr/Downloads/Proyecto web/Proyecto web/gym-app/vendor/laravel/framework/src/Illuminate/Pipeline/Pipeline.php(137): Illuminate/Pipeline/Pipeline->Illuminate/Pipeline/{closure}()
#24 C:/Users/gabyr/Downloads/Proyecto web/Proyecto web/gym-app/vendor/laravel/framework/src/Illuminate/Routing/Router.php(821): Illuminate/Pipeline/Pipeline->then()
#25 C:/Users/gabyr/Downloads/Proyecto web/Proyecto web/gym-app/vendor/laravel/framework/src/Illuminate/Routing/Router.php(800): Illuminate/Routing/Router->runRouteWithinStack()
#26 C:/Users/gabyr/Downloads/Proyecto web/Proyecto web/gym-app/vendor/laravel/framework/src/Illuminate/Routing/Router.php(764): Illuminate/Routing/Router->runRoute()
#27 C:/Users/gabyr/Downloads/Proyecto web/Proyecto web/gym-app/vendor/laravel/framework/src/Illuminate/Routing/Router.php(753): Illuminate/Routing/Router->dispatchToRoute()
#28 C:/Users/gabyr/Downloads/Proyecto web/Proyecto web/gym-app/vendor/laravel/framework/src/Illuminate/Foundation/Http/Kernel.php(200): Illuminate/Routing/Router->dispatch()
#29 C:/Users/gabyr/Downloads/Proyecto web/Proyecto web/gym-app/vendor/laravel/framework/src/Illuminate/Pipeline/Pipeline.php(180): Illuminate/Foundation/Http/Kernel->Illuminate/Foundation/Http/{closure}()
#30 C:/Users/gabyr/Downloads/Proyecto web/Proyecto web/gym-app/vendor/laravel/framework/src/Illuminate/Foundation/Http/Middleware/TransformsRequest.php(21): Illuminate/Pipeline/Pipeline->Illuminate/Pipeline/{closure}()
#31 C:/Users/gabyr/Downloads/Proyecto web/Proyecto web/gym-app/vendor/laravel/framework/src/Illuminate/Foundation/Http/Middleware/ConvertEmptyStringsToNull.php(31): Illuminate/Foundation/Http/Middleware/TransformsRequest->handle()
#32 C:/Users/gabyr/Downloads/Proyecto web/Proyecto web/gym-app/vendor/laravel/framework/src/Illuminate/Pipeline/Pipeline.php(219): Illuminate/Foundation/Http/Middleware/ConvertEmptyStringsToNull->handle()
#33 C:/Users/gabyr/Downloads/Proyecto web/Proyecto web/gym-app/vendor/laravel/framework/src/Illuminate/Foundation/Http/Middleware/TransformsRequest.php(21): Illuminate/Pipeline/Pipeline->Illuminate/Pipeline/{closure}()
#34 C:/Users/gabyr/Downloads/Proyecto web/Proyecto web/gym-app/vendor/laravel/framework/src/Illuminate/Foundation/Http/Middleware/TrimStrings.php(51): Illuminate/Foundation/Http/Middleware/TransformsRequest->handle()
#35 C:/Users/gabyr/Downloads/Proyecto web/Proyecto web/gym-app/vendor/laravel/framework/src/Illuminate/Pipeline/Pipeline.php(219): Illuminate/Foundation/Http/Middleware/TrimStrings->handle()
#36 C:/Users/gabyr/Downloads/Proyecto web/Proyecto web/gym-app/vendor/laravel/framework/src/Illuminate/Http/Middleware/ValidatePostSize.php(27): Illuminate/Pipeline/Pipeline->Illuminate/Pipeline/{closure}()
#37 C:/Users/gabyr/Downloads/Proyecto web/Proyecto web/gym-app/vendor/laravel/framework/src/Illuminate/Pipeline/Pipeline.php(219): Illuminate/Http/Middleware/ValidatePostSize->handle()
#38 C:/Users/gabyr/Downloads/Proyecto web/Proyecto web/gym-app/vendor/laravel/framework/src/Illuminate/Foundation/Http/Middleware/PreventRequestsDuringMaintenance.php(109): Illuminate/Pipeline/Pipeline->Illuminate/Pipeline/{closure}()
#39 C:/Users/gabyr/Downloads/Proyecto web/Proyecto web/gym-app/vendor/laravel/framework/src/Illuminate/Pipeline/Pipeline.php(219): Illuminate/Foundation/Http/Middleware/PreventRequestsDuringMaintenance->handle()
#40 C:/Users/gabyr/Downloads/Proyecto web/Proyecto web/gym-app/vendor/laravel/framework/src/Illuminate/Http/Middleware/HandleCors.php(61): Illuminate/Pipeline/Pipeline->Illuminate/Pipeline/{closure}()
#41 C:/Users/gabyr/Downloads/Proyecto web/Proyecto web/gym-app/vendor/laravel/framework/src/Illuminate/Pipeline/Pipeline.php(219): Illuminate/Http/Middleware/HandleCors->handle()
#42 C:/Users/gabyr/Downloads/Proyecto web/Proyecto web/gym-app/vendor/laravel/framework/src/Illuminate/Http/Middleware/TrustProxies.php(58): Illuminate/Pipeline/Pipeline->Illuminate/Pipeline/{closure}()
#43 C:/Users/gabyr/Downloads/Proyecto web/Proyecto web/gym-app/vendor/laravel/framework/src/Illuminate/Pipeline/Pipeline.php(219): Illuminate/Http/Middleware/TrustProxies->handle()
#44 C:/Users/gabyr/Downloads/Proyecto web/Proyecto web/gym-app/vendor/laravel/framework/src/Illuminate/Foundation/Http/Middleware/InvokeDeferredCallbacks.php(22): Illuminate/Pipeline/Pipeline->Illuminate/Pipeline/{closure}()
#45 C:/Users/gabyr/Downloads/Proyecto web/Proyecto web/gym-app/vendor/laravel/framework/src/Illuminate/Pipeline/Pipeline.php(219): Illuminate/Foundation/Http/Middleware/InvokeDeferredCallbacks->handle()
#46 C:/Users/gabyr/Downloads/Proyecto web/Proyecto web/gym-app/vendor/laravel/framework/src/Illuminate/Http/Middleware/ValidatePathEncoding.php(26): Illuminate/Pipeline/Pipeline->Illuminate/Pipeline/{closure}()
#47 C:/Users/gabyr/Downloads/Proyecto web/Proyecto web/gym-app/vendor/laravel/framework/src/Illuminate/Pipeline/Pipeline.php(219): Illuminate/Http/Middleware/ValidatePathEncoding->handle()
#48 C:/Users/gabyr/Downloads/Proyecto web/Proyecto web/gym-app/vendor/laravel/framework/src/Illuminate/Pipeline/Pipeline.php(137): Illuminate/Pipeline/Pipeline->Illuminate/Pipeline/{closure}()
#49 C:/Users/gabyr/Downloads/Proyecto web/Proyecto web/gym-app/vendor/laravel/framework/src/Illuminate/Foundation/Http/Kernel.php(175): Illuminate/Pipeline/Pipeline->then()
#50 C:/Users/gabyr/Downloads/Proyecto web/Proyecto web/gym-app/vendor/laravel/framework/src/Illuminate/Foundation/Http/Kernel.php(144): Illuminate/Foundation/Http/Kernel->sendRequestThroughRouter()
#51 C:/Users/gabyr/Downloads/Proyecto web/Proyecto web/gym-app/vendor/laravel/framework/src/Illuminate/Foundation/Application.php(1220): Illuminate/Foundation/Http/Kernel->handle()
#52 C:/Users/gabyr/Downloads/Proyecto web/Proyecto web/gym-app/public/index.php(20): Illuminate/Foundation/Application->handleRequest()
#53 C:/Users/gabyr/Downloads/Proyecto web/Proyecto web/gym-app/vendor/laravel/framework/src/Illuminate/Foundation/resources/server.php(23): require_once('...')
#54 {main}
"} 
[2026-05-25 01:07:14] local.ERROR: Target class [App\Http\Controllers\CarritoController] does not exist. {"exception":"[object] (Illuminate\\Contracts\\Container\\BindingResolutionException(code: 0): Target class [App\\Http\\Controllers\\CarritoController] does not exist. at C:/Users/gabyr/Downloads/Proyecto web/Proyecto web/gym-app/vendor/laravel/framework/src/Illuminate/Container/Container.php:1124)
[stacktrace]
#0 C:/Users/gabyr/Downloads/Proyecto web/Proyecto web/gym-app/vendor/laravel/framework/src/Illuminate/Container/Container.php(933): Illuminate/Container/Container->build()
#1 C:/Users/gabyr/Downloads/Proyecto web/Proyecto web/gym-app/vendor/laravel/framework/src/Illuminate/Foundation/Application.php(1078): Illuminate/Container/Container->resolve()
#2 C:/Users/gabyr/Downloads/Proyecto web/Proyecto web/gym-app/vendor/laravel/framework/src/Illuminate/Container/Container.php(864): Illuminate/Foundation/Application->resolve()
#3 C:/Users/gabyr/Downloads/Proyecto web/Proyecto web/gym-app/vendor/laravel/framework/src/Illuminate/Foundation/Application.php(1058): Illuminate/Container/Container->make()
#4 C:/Users/gabyr/Downloads/Proyecto web/Proyecto web/gym-app/vendor/laravel/framework/src/Illuminate/Routing/Route.php(286): Illuminate/Foundation/Application->make()
#5 C:/Users/gabyr/Downloads/Proyecto web/Proyecto web/gym-app/vendor/laravel/framework/src/Illuminate/Routing/Route.php(266): Illuminate/Routing/Route->getController()
#6 C:/Users/gabyr/Downloads/Proyecto web/Proyecto web/gym-app/vendor/laravel/framework/src/Illuminate/Routing/Route.php(211): Illuminate/Routing/Route->runController()
#7 C:/Users/gabyr/Downloads/Proyecto web/Proyecto web/gym-app/vendor/laravel/framework/src/Illuminate/Routing/Router.php(822): Illuminate/Routing/Route->run()
#8 C:/Users/gabyr/Downloads/Proyecto web/Proyecto web/gym-app/vendor/laravel/framework/src/Illuminate/Pipeline/Pipeline.php(180): Illuminate/Routing/Router->Illuminate/Routing/{closure}()
#9 C:/Users/gabyr/Downloads/Proyecto web/Proyecto web/gym-app/vendor/laravel/framework/src/Illuminate/Routing/Middleware/SubstituteBindings.php(50): Illuminate/Pipeline/Pipeline->Illuminate/Pipeline/{closure}()
#10 C:/Users/gabyr/Downloads/Proyecto web/Proyecto web/gym-app/vendor/laravel/framework/src/Illuminate/Pipeline/Pipeline.php(219): Illuminate/Routing/Middleware/SubstituteBindings->handle()
#11 C:/Users/gabyr/Downloads/Proyecto web/Proyecto web/gym-app/vendor/laravel/framework/src/Illuminate/Foundation/Http/Middleware/VerifyCsrfToken.php(87): Illuminate/Pipeline/Pipeline->Illuminate/Pipeline/{closure}()
#12 C:/Users/gabyr/Downloads/Proyecto web/Proyecto web/gym-app/vendor/laravel/framework/src/Illuminate/Pipeline/Pipeline.php(219): Illuminate/Foundation/Http/Middleware/VerifyCsrfToken->handle()
#13 C:/Users/gabyr/Downloads/Proyecto web/Proyecto web/gym-app/vendor/laravel/framework/src/Illuminate/View/Middleware/ShareErrorsFromSession.php(48): Illuminate/Pipeline/Pipeline->Illuminate/Pipeline/{closure}()
#14 C:/Users/gabyr/Downloads/Proyecto web/Proyecto web/gym-app/vendor/laravel/framework/src/Illuminate/Pipeline/Pipeline.php(219): Illuminate/View/Middleware/ShareErrorsFromSession->handle()
#15 C:/Users/gabyr/Downloads/Proyecto web/Proyecto web/gym-app/vendor/laravel/framework/src/Illuminate/Session/Middleware/StartSession.php(120): Illuminate/Pipeline/Pipeline->Illuminate/Pipeline/{closure}()
#16 C:/Users/gabyr/Downloads/Proyecto web/Proyecto web/gym-app/vendor/laravel/framework/src/Illuminate/Session/Middleware/StartSession.php(63): Illuminate/Session/Middleware/StartSession->handleStatefulRequest()
#17 C:/Users/gabyr/Downloads/Proyecto web/Proyecto web/gym-app/vendor/laravel/framework/src/Illuminate/Pipeline/Pipeline.php(219): Illuminate/Session/Middleware/StartSession->handle()
#18 C:/Users/gabyr/Downloads/Proyecto web/Proyecto web/gym-app/vendor/laravel/framework/src/Illuminate/Cookie/Middleware/AddQueuedCookiesToResponse.php(36): Illuminate/Pipeline/Pipeline->Illuminate/Pipeline/{closure}()
#19 C:/Users/gabyr/Downloads/Proyecto web/Proyecto web/gym-app/vendor/laravel/framework/src/Illuminate/Pipeline/Pipeline.php(219): Illuminate/Cookie/Middleware/AddQueuedCookiesToResponse->handle()
#20 C:/Users/gabyr/Downloads/Proyecto web/Proyecto web/gym-app/vendor/laravel/framework/src/Illuminate/Cookie/Middleware/EncryptCookies.php(74): Illuminate/Pipeline/Pipeline->Illuminate/Pipeline/{closure}()
#21 C:/Users/gabyr/Downloads/Proyecto web/Proyecto web/gym-app/vendor/laravel/framework/src/Illuminate/Pipeline/Pipeline.php(219): Illuminate/Cookie/Middleware/EncryptCookies->handle()
#22 C:/Users/gabyr/Downloads/Proyecto web/Proyecto web/gym-app/vendor/laravel/framework/src/Illuminate/Pipeline/Pipeline.php(137): Illuminate/Pipeline/Pipeline->Illuminate/Pipeline/{closure}()
#23 C:/Users/gabyr/Downloads/Proyecto web/Proyecto web/gym-app/vendor/laravel/framework/src/Illuminate/Routing/Router.php(821): Illuminate/Pipeline/Pipeline->then()
#24 C:/Users/gabyr/Downloads/Proyecto web/Proyecto web/gym-app/vendor/laravel/framework/src/Illuminate/Routing/Router.php(800): Illuminate/Routing/Router->runRouteWithinStack()
#25 C:/Users/gabyr/Downloads/Proyecto web/Proyecto web/gym-app/vendor/laravel/framework/src/Illuminate/Routing/Router.php(764): Illuminate/Routing/Router->runRoute()
#26 C:/Users/gabyr/Downloads/Proyecto web/Proyecto web/gym-app/vendor/laravel/framework/src/Illuminate/Routing/Router.php(753): Illuminate/Routing/Router->dispatchToRoute()
#27 C:/Users/gabyr/Downloads/Proyecto web/Proyecto web/gym-app/vendor/laravel/framework/src/Illuminate/Foundation/Http/Kernel.php(200): Illuminate/Routing/Router->dispatch()
#28 C:/Users/gabyr/Downloads/Proyecto web/Proyecto web/gym-app/vendor/laravel/framework/src/Illuminate/Pipeline/Pipeline.php(180): Illuminate/Foundation/Http/Kernel->Illuminate/Foundation/Http/{closure}()
#29 C:/Users/gabyr/Downloads/Proyecto web/Proyecto web/gym-app/vendor/laravel/framework/src/Illuminate/Foundation/Http/Middleware/TransformsRequest.php(21): Illuminate/Pipeline/Pipeline->Illuminate/Pipeline/{closure}()
#30 C:/Users/gabyr/Downloads/Proyecto web/Proyecto web/gym-app/vendor/laravel/framework/src/Illuminate/Foundation/Http/Middleware/ConvertEmptyStringsToNull.php(31): Illuminate/Foundation/Http/Middleware/TransformsRequest->handle()
#31 C:/Users/gabyr/Downloads/Proyecto web/Proyecto web/gym-app/vendor/laravel/framework/src/Illuminate/Pipeline/Pipeline.php(219): Illuminate/Foundation/Http/Middleware/ConvertEmptyStringsToNull->handle()
#32 C:/Users/gabyr/Downloads/Proyecto web/Proyecto web/gym-app/vendor/laravel/framework/src/Illuminate/Foundation/Http/Middleware/TransformsRequest.php(21): Illuminate/Pipeline/Pipeline->Illuminate/Pipeline/{closure}()
#33 C:/Users/gabyr/Downloads/Proyecto web/Proyecto web/gym-app/vendor/laravel/framework/src/Illuminate/Foundation/Http/Middleware/TrimStrings.php(51): Illuminate/Foundation/Http/Middleware/TransformsRequest->handle()
#34 C:/Users/gabyr/Downloads/Proyecto web/Proyecto web/gym-app/vendor/laravel/framework/src/Illuminate/Pipeline/Pipeline.php(219): Illuminate/Foundation/Http/Middleware/TrimStrings->handle()
#35 C:/Users/gabyr/Downloads/Proyecto web/Proyecto web/gym-app/vendor/laravel/framework/src/Illuminate/Http/Middleware/ValidatePostSize.php(27): Illuminate/Pipeline/Pipeline->Illuminate/Pipeline/{closure}()
#36 C:/Users/gabyr/Downloads/Proyecto web/Proyecto web/gym-app/vendor/laravel/framework/src/Illuminate/Pipeline/Pipeline.php(219): Illuminate/Http/Middleware/ValidatePostSize->handle()
#37 C:/Users/gabyr/Downloads/Proyecto web/Proyecto web/gym-app/vendor/laravel/framework/src/Illuminate/Foundation/Http/Middleware/PreventRequestsDuringMaintenance.php(109): Illuminate/Pipeline/Pipeline->Illuminate/Pipeline/{closure}()
#38 C:/Users/gabyr/Downloads/Proyecto web/Proyecto web/gym-app/vendor/laravel/framework/src/Illuminate/Pipeline/Pipeline.php(219): Illuminate/Foundation/Http/Middleware/PreventRequestsDuringMaintenance->handle()
#39 C:/Users/gabyr/Downloads/Proyecto web/Proyecto web/gym-app/vendor/laravel/framework/src/Illuminate/Http/Middleware/HandleCors.php(61): Illuminate/Pipeline/Pipeline->Illuminate/Pipeline/{closure}()
#40 C:/Users/gabyr/Downloads/Proyecto web/Proyecto web/gym-app/vendor/laravel/framework/src/Illuminate/Pipeline/Pipeline.php(219): Illuminate/Http/Middleware/HandleCors->handle()
#41 C:/Users/gabyr/Downloads/Proyecto web/Proyecto web/gym-app/vendor/laravel/framework/src/Illuminate/Http/Middleware/TrustProxies.php(58): Illuminate/Pipeline/Pipeline->Illuminate/Pipeline/{closure}()
#42 C:/Users/gabyr/Downloads/Proyecto web/Proyecto web/gym-app/vendor/laravel/framework/src/Illuminate/Pipeline/Pipeline.php(219): Illuminate/Http/Middleware/TrustProxies->handle()
#43 C:/Users/gabyr/Downloads/Proyecto web/Proyecto web/gym-app/vendor/laravel/framework/src/Illuminate/Foundation/Http/Middleware/InvokeDeferredCallbacks.php(22): Illuminate/Pipeline/Pipeline->Illuminate/Pipeline/{closure}()
#44 C:/Users/gabyr/Downloads/Proyecto web/Proyecto web/gym-app/vendor/laravel/framework/src/Illuminate/Pipeline/Pipeline.php(219): Illuminate/Foundation/Http/Middleware/InvokeDeferredCallbacks->handle()
#45 C:/Users/gabyr/Downloads/Proyecto web/Proyecto web/gym-app/vendor/laravel/framework/src/Illuminate/Http/Middleware/ValidatePathEncoding.php(26): Illuminate/Pipeline/Pipeline->Illuminate/Pipeline/{closure}()
#46 C:/Users/gabyr/Downloads/Proyecto web/Proyecto web/gym-app/vendor/laravel/framework/src/Illuminate/Pipeline/Pipeline.php(219): Illuminate/Http/Middleware/ValidatePathEncoding->handle()
#47 C:/Users/gabyr/Downloads/Proyecto web/Proyecto web/gym-app/vendor/laravel/framework/src/Illuminate/Pipeline/Pipeline.php(137): Illuminate/Pipeline/Pipeline->Illuminate/Pipeline/{closure}()
#48 C:/Users/gabyr/Downloads/Proyecto web/Proyecto web/gym-app/vendor/laravel/framework/src/Illuminate/Foundation/Http/Kernel.php(175): Illuminate/Pipeline/Pipeline->then()
#49 C:/Users/gabyr/Downloads/Proyecto web/Proyecto web/gym-app/vendor/laravel/framework/src/Illuminate/Foundation/Http/Kernel.php(144): Illuminate/Foundation/Http/Kernel->sendRequestThroughRouter()
#50 C:/Users/gabyr/Downloads/Proyecto web/Proyecto web/gym-app/vendor/laravel/framework/src/Illuminate/Foundation/Application.php(1220): Illuminate/Foundation/Http/Kernel->handle()
#51 C:/Users/gabyr/Downloads/Proyecto web/Proyecto web/gym-app/public/index.php(20): Illuminate/Foundation/Application->handleRequest()
#52 C:/Users/gabyr/Downloads/Proyecto web/Proyecto web/gym-app/vendor/laravel/framework/src/Illuminate/Foundation/resources/server.php(23): require_once('...')
#53 {main}

[previous exception] [object] (ReflectionException(code: -1): Class \"App\\Http\\Controllers\\CarritoController\" does not exist at C:/Users/gabyr/Downloads/Proyecto web/Proyecto web/gym-app/vendor/laravel/framework/src/Illuminate/Container/Container.php:1122)
[stacktrace]
#0 C:/Users/gabyr/Downloads/Proyecto web/Proyecto web/gym-app/vendor/laravel/framework/src/Illuminate/Container/Container.php(1122): ReflectionClass->__construct()
#1 C:/Users/gabyr/Downloads/Proyecto web/Proyecto web/gym-app/vendor/laravel/framework/src/Illuminate/Container/Container.php(933): Illuminate/Container/Container->build()
#2 C:/Users/gabyr/Downloads/Proyecto web/Proyecto web/gym-app/vendor/laravel/framework/src/Illuminate/Foundation/Application.php(1078): Illuminate/Container/Container->resolve()
#3 C:/Users/gabyr/Downloads/Proyecto web/Proyecto web/gym-app/vendor/laravel/framework/src/Illuminate/Container/Container.php(864): Illuminate/Foundation/Application->resolve()
#4 C:/Users/gabyr/Downloads/Proyecto web/Proyecto web/gym-app/vendor/laravel/framework/src/Illuminate/Foundation/Application.php(1058): Illuminate/Container/Container->make()
#5 C:/Users/gabyr/Downloads/Proyecto web/Proyecto web/gym-app/vendor/laravel/framework/src/Illuminate/Routing/Route.php(286): Illuminate/Foundation/Application->make()
#6 C:/Users/gabyr/Downloads/Proyecto web/Proyecto web/gym-app/vendor/laravel/framework/src/Illuminate/Routing/Route.php(266): Illuminate/Routing/Route->getController()
#7 C:/Users/gabyr/Downloads/Proyecto web/Proyecto web/gym-app/vendor/laravel/framework/src/Illuminate/Routing/Route.php(211): Illuminate/Routing/Route->runController()
#8 C:/Users/gabyr/Downloads/Proyecto web/Proyecto web/gym-app/vendor/laravel/framework/src/Illuminate/Routing/Router.php(822): Illuminate/Routing/Route->run()
#9 C:/Users/gabyr/Downloads/Proyecto web/Proyecto web/gym-app/vendor/laravel/framework/src/Illuminate/Pipeline/Pipeline.php(180): Illuminate/Routing/Router->Illuminate/Routing/{closure}()
#10 C:/Users/gabyr/Downloads/Proyecto web/Proyecto web/gym-app/vendor/laravel/framework/src/Illuminate/Routing/Middleware/SubstituteBindings.php(50): Illuminate/Pipeline/Pipeline->Illuminate/Pipeline/{closure}()
#11 C:/Users/gabyr/Downloads/Proyecto web/Proyecto web/gym-app/vendor/laravel/framework/src/Illuminate/Pipeline/Pipeline.php(219): Illuminate/Routing/Middleware/SubstituteBindings->handle()
#12 C:/Users/gabyr/Downloads/Proyecto web/Proyecto web/gym-app/vendor/laravel/framework/src/Illuminate/Foundation/Http/Middleware/VerifyCsrfToken.php(87): Illuminate/Pipeline/Pipeline->Illuminate/Pipeline/{closure}()
#13 C:/Users/gabyr/Downloads/Proyecto web/Proyecto web/gym-app/vendor/laravel/framework/src/Illuminate/Pipeline/Pipeline.php(219): Illuminate/Foundation/Http/Middleware/VerifyCsrfToken->handle()
#14 C:/Users/gabyr/Downloads/Proyecto web/Proyecto web/gym-app/vendor/laravel/framework/src/Illuminate/View/Middleware/ShareErrorsFromSession.php(48): Illuminate/Pipeline/Pipeline->Illuminate/Pipeline/{closure}()
#15 C:/Users/gabyr/Downloads/Proyecto web/Proyecto web/gym-app/vendor/laravel/framework/src/Illuminate/Pipeline/Pipeline.php(219): Illuminate/View/Middleware/ShareErrorsFromSession->handle()
#16 C:/Users/gabyr/Downloads/Proyecto web/Proyecto web/gym-app/vendor/laravel/framework/src/Illuminate/Session/Middleware/StartSession.php(120): Illuminate/Pipeline/Pipeline->Illuminate/Pipeline/{closure}()
#17 C:/Users/gabyr/Downloads/Proyecto web/Proyecto web/gym-app/vendor/laravel/framework/src/Illuminate/Session/Middleware/StartSession.php(63): Illuminate/Session/Middleware/StartSession->handleStatefulRequest()
#18 C:/Users/gabyr/Downloads/Proyecto web/Proyecto web/gym-app/vendor/laravel/framework/src/Illuminate/Pipeline/Pipeline.php(219): Illuminate/Session/Middleware/StartSession->handle()
#19 C:/Users/gabyr/Downloads/Proyecto web/Proyecto web/gym-app/vendor/laravel/framework/src/Illuminate/Cookie/Middleware/AddQueuedCookiesToResponse.php(36): Illuminate/Pipeline/Pipeline->Illuminate/Pipeline/{closure}()
#20 C:/Users/gabyr/Downloads/Proyecto web/Proyecto web/gym-app/vendor/laravel/framework/src/Illuminate/Pipeline/Pipeline.php(219): Illuminate/Cookie/Middleware/AddQueuedCookiesToResponse->handle()
#21 C:/Users/gabyr/Downloads/Proyecto web/Proyecto web/gym-app/vendor/laravel/framework/src/Illuminate/Cookie/Middleware/EncryptCookies.php(74): Illuminate/Pipeline/Pipeline->Illuminate/Pipeline/{closure}()
#22 C:/Users/gabyr/Downloads/Proyecto web/Proyecto web/gym-app/vendor/laravel/framework/src/Illuminate/Pipeline/Pipeline.php(219): Illuminate/Cookie/Middleware/EncryptCookies->handle()
#23 C:/Users/gabyr/Downloads/Proyecto web/Proyecto web/gym-app/vendor/laravel/framework/src/Illuminate/Pipeline/Pipeline.php(137): Illuminate/Pipeline/Pipeline->Illuminate/Pipeline/{closure}()
#24 C:/Users/gabyr/Downloads/Proyecto web/Proyecto web/gym-app/vendor/laravel/framework/src/Illuminate/Routing/Router.php(821): Illuminate/Pipeline/Pipeline->then()
#25 C:/Users/gabyr/Downloads/Proyecto web/Proyecto web/gym-app/vendor/laravel/framework/src/Illuminate/Routing/Router.php(800): Illuminate/Routing/Router->runRouteWithinStack()
#26 C:/Users/gabyr/Downloads/Proyecto web/Proyecto web/gym-app/vendor/laravel/framework/src/Illuminate/Routing/Router.php(764): Illuminate/Routing/Router->runRoute()
#27 C:/Users/gabyr/Downloads/Proyecto web/Proyecto web/gym-app/vendor/laravel/framework/src/Illuminate/Routing/Router.php(753): Illuminate/Routing/Router->dispatchToRoute()
#28 C:/Users/gabyr/Downloads/Proyecto web/Proyecto web/gym-app/vendor/laravel/framework/src/Illuminate/Foundation/Http/Kernel.php(200): Illuminate/Routing/Router->dispatch()
#29 C:/Users/gabyr/Downloads/Proyecto web/Proyecto web/gym-app/vendor/laravel/framework/src/Illuminate/Pipeline/Pipeline.php(180): Illuminate/Foundation/Http/Kernel->Illuminate/Foundation/Http/{closure}()
#30 C:/Users/gabyr/Downloads/Proyecto web/Proyecto web/gym-app/vendor/laravel/framework/src/Illuminate/Foundation/Http/Middleware/TransformsRequest.php(21): Illuminate/Pipeline/Pipeline->Illuminate/Pipeline/{closure}()
#31 C:/Users/gabyr/Downloads/Proyecto web/Proyecto web/gym-app/vendor/laravel/framework/src/Illuminate/Foundation/Http/Middleware/ConvertEmptyStringsToNull.php(31): Illuminate/Foundation/Http/Middleware/TransformsRequest->handle()
#32 C:/Users/gabyr/Downloads/Proyecto web/Proyecto web/gym-app/vendor/laravel/framework/src/Illuminate/Pipeline/Pipeline.php(219): Illuminate/Foundation/Http/Middleware/ConvertEmptyStringsToNull->handle()
#33 C:/Users/gabyr/Downloads/Proyecto web/Proyecto web/gym-app/vendor/laravel/framework/src/Illuminate/Foundation/Http/Middleware/TransformsRequest.php(21): Illuminate/Pipeline/Pipeline->Illuminate/Pipeline/{closure}()
#34 C:/Users/gabyr/Downloads/Proyecto web/Proyecto web/gym-app/vendor/laravel/framework/src/Illuminate/Foundation/Http/Middleware/TrimStrings.php(51): Illuminate/Foundation/Http/Middleware/TransformsRequest->handle()
#35 C:/Users/gabyr/Downloads/Proyecto web/Proyecto web/gym-app/vendor/laravel/framework/src/Illuminate/Pipeline/Pipeline.php(219): Illuminate/Foundation/Http/Middleware/TrimStrings->handle()
#36 C:/Users/gabyr/Downloads/Proyecto web/Proyecto web/gym-app/vendor/laravel/framework/src/Illuminate/Http/Middleware/ValidatePostSize.php(27): Illuminate/Pipeline/Pipeline->Illuminate/Pipeline/{closure}()
#37 C:/Users/gabyr/Downloads/Proyecto web/Proyecto web/gym-app/vendor/laravel/framework/src/Illuminate/Pipeline/Pipeline.php(219): Illuminate/Http/Middleware/ValidatePostSize->handle()
#38 C:/Users/gabyr/Downloads/Proyecto web/Proyecto web/gym-app/vendor/laravel/framework/src/Illuminate/Foundation/Http/Middleware/PreventRequestsDuringMaintenance.php(109): Illuminate/Pipeline/Pipeline->Illuminate/Pipeline/{closure}()
#39 C:/Users/gabyr/Downloads/Proyecto web/Proyecto web/gym-app/vendor/laravel/framework/src/Illuminate/Pipeline/Pipeline.php(219): Illuminate/Foundation/Http/Middleware/PreventRequestsDuringMaintenance->handle()
#40 C:/Users/gabyr/Downloads/Proyecto web/Proyecto web/gym-app/vendor/laravel/framework/src/Illuminate/Http/Middleware/HandleCors.php(61): Illuminate/Pipeline/Pipeline->Illuminate/Pipeline/{closure}()
#41 C:/Users/gabyr/Downloads/Proyecto web/Proyecto web/gym-app/vendor/laravel/framework/src/Illuminate/Pipeline/Pipeline.php(219): Illuminate/Http/Middleware/HandleCors->handle()
#42 C:/Users/gabyr/Downloads/Proyecto web/Proyecto web/gym-app/vendor/laravel/framework/src/Illuminate/Http/Middleware/TrustProxies.php(58): Illuminate/Pipeline/Pipeline->Illuminate/Pipeline/{closure}()
#43 C:/Users/gabyr/Downloads/Proyecto web/Proyecto web/gym-app/vendor/laravel/framework/src/Illuminate/Pipeline/Pipeline.php(219): Illuminate/Http/Middleware/TrustProxies->handle()
#44 C:/Users/gabyr/Downloads/Proyecto web/Proyecto web/gym-app/vendor/laravel/framework/src/Illuminate/Foundation/Http/Middleware/InvokeDeferredCallbacks.php(22): Illuminate/Pipeline/Pipeline->Illuminate/Pipeline/{closure}()
#45 C:/Users/gabyr/Downloads/Proyecto web/Proyecto web/gym-app/vendor/laravel/framework/src/Illuminate/Pipeline/Pipeline.php(219): Illuminate/Foundation/Http/Middleware/InvokeDeferredCallbacks->handle()
#46 C:/Users/gabyr/Downloads/Proyecto web/Proyecto web/gym-app/vendor/laravel/framework/src/Illuminate/Http/Middleware/ValidatePathEncoding.php(26): Illuminate/Pipeline/Pipeline->Illuminate/Pipeline/{closure}()
#47 C:/Users/gabyr/Downloads/Proyecto web/Proyecto web/gym-app/vendor/laravel/framework/src/Illuminate/Pipeline/Pipeline.php(219): Illuminate/Http/Middleware/ValidatePathEncoding->handle()
#48 C:/Users/gabyr/Downloads/Proyecto web/Proyecto web/gym-app/vendor/laravel/framework/src/Illuminate/Pipeline/Pipeline.php(137): Illuminate/Pipeline/Pipeline->Illuminate/Pipeline/{closure}()
#49 C:/Users/gabyr/Downloads/Proyecto web/Proyecto web/gym-app/vendor/laravel/framework/src/Illuminate/Foundation/Http/Kernel.php(175): Illuminate/Pipeline/Pipeline->then()
#50 C:/Users/gabyr/Downloads/Proyecto web/Proyecto web/gym-app/vendor/laravel/framework/src/Illuminate/Foundation/Http/Kernel.php(144): Illuminate/Foundation/Http/Kernel->sendRequestThroughRouter()
#51 C:/Users/gabyr/Downloads/Proyecto web/Proyecto web/gym-app/vendor/laravel/framework/src/Illuminate/Foundation/Application.php(1220): Illuminate/Foundation/Http/Kernel->handle()
#52 C:/Users/gabyr/Downloads/Proyecto web/Proyecto web/gym-app/public/index.php(20): Illuminate/Foundation/Application->handleRequest()
#53 C:/Users/gabyr/Downloads/Proyecto web/Proyecto web/gym-app/vendor/laravel/framework/src/Illuminate/Foundation/resources/server.php(23): require_once('...')
#54 {main}
"} 
[2026-05-25 01:07:36] local.ERROR: Target class [App\Http\Controllers\CarritoController] does not exist. {"exception":"[object] (Illuminate\\Contracts\\Container\\BindingResolutionException(code: 0): Target class [App\\Http\\Controllers\\CarritoController] does not exist. at C:/Users/gabyr/Downloads/Proyecto web/Proyecto web/gym-app/vendor/laravel/framework/src/Illuminate/Container/Container.php:1124)
[stacktrace]
#0 C:/Users/gabyr/Downloads/Proyecto web/Proyecto web/gym-app/vendor/laravel/framework/src/Illuminate/Container/Container.php(933): Illuminate/Container/Container->build()
#1 C:/Users/gabyr/Downloads/Proyecto web/Proyecto web/gym-app/vendor/laravel/framework/src/Illuminate/Foundation/Application.php(1078): Illuminate/Container/Container->resolve()
#2 C:/Users/gabyr/Downloads/Proyecto web/Proyecto web/gym-app/vendor/laravel/framework/src/Illuminate/Container/Container.php(864): Illuminate/Foundation/Application->resolve()
#3 C:/Users/gabyr/Downloads/Proyecto web/Proyecto web/gym-app/vendor/laravel/framework/src/Illuminate/Foundation/Application.php(1058): Illuminate/Container/Container->make()
#4 C:/Users/gabyr/Downloads/Proyecto web/Proyecto web/gym-app/vendor/laravel/framework/src/Illuminate/Routing/Route.php(286): Illuminate/Foundation/Application->make()
#5 C:/Users/gabyr/Downloads/Proyecto web/Proyecto web/gym-app/vendor/laravel/framework/src/Illuminate/Routing/Route.php(266): Illuminate/Routing/Route->getController()
#6 C:/Users/gabyr/Downloads/Proyecto web/Proyecto web/gym-app/vendor/laravel/framework/src/Illuminate/Routing/Route.php(211): Illuminate/Routing/Route->runController()
#7 C:/Users/gabyr/Downloads/Proyecto web/Proyecto web/gym-app/vendor/laravel/framework/src/Illuminate/Routing/Router.php(822): Illuminate/Routing/Route->run()
#8 C:/Users/gabyr/Downloads/Proyecto web/Proyecto web/gym-app/vendor/laravel/framework/src/Illuminate/Pipeline/Pipeline.php(180): Illuminate/Routing/Router->Illuminate/Routing/{closure}()
#9 C:/Users/gabyr/Downloads/Proyecto web/Proyecto web/gym-app/vendor/laravel/framework/src/Illuminate/Routing/Middleware/SubstituteBindings.php(50): Illuminate/Pipeline/Pipeline->Illuminate/Pipeline/{closure}()
#10 C:/Users/gabyr/Downloads/Proyecto web/Proyecto web/gym-app/vendor/laravel/framework/src/Illuminate/Pipeline/Pipeline.php(219): Illuminate/Routing/Middleware/SubstituteBindings->handle()
#11 C:/Users/gabyr/Downloads/Proyecto web/Proyecto web/gym-app/vendor/laravel/framework/src/Illuminate/Foundation/Http/Middleware/VerifyCsrfToken.php(87): Illuminate/Pipeline/Pipeline->Illuminate/Pipeline/{closure}()
#12 C:/Users/gabyr/Downloads/Proyecto web/Proyecto web/gym-app/vendor/laravel/framework/src/Illuminate/Pipeline/Pipeline.php(219): Illuminate/Foundation/Http/Middleware/VerifyCsrfToken->handle()
#13 C:/Users/gabyr/Downloads/Proyecto web/Proyecto web/gym-app/vendor/laravel/framework/src/Illuminate/View/Middleware/ShareErrorsFromSession.php(48): Illuminate/Pipeline/Pipeline->Illuminate/Pipeline/{closure}()
#14 C:/Users/gabyr/Downloads/Proyecto web/Proyecto web/gym-app/vendor/laravel/framework/src/Illuminate/Pipeline/Pipeline.php(219): Illuminate/View/Middleware/ShareErrorsFromSession->handle()
#15 C:/Users/gabyr/Downloads/Proyecto web/Proyecto web/gym-app/vendor/laravel/framework/src/Illuminate/Session/Middleware/StartSession.php(120): Illuminate/Pipeline/Pipeline->Illuminate/Pipeline/{closure}()
#16 C:/Users/gabyr/Downloads/Proyecto web/Proyecto web/gym-app/vendor/laravel/framework/src/Illuminate/Session/Middleware/StartSession.php(63): Illuminate/Session/Middleware/StartSession->handleStatefulRequest()
#17 C:/Users/gabyr/Downloads/Proyecto web/Proyecto web/gym-app/vendor/laravel/framework/src/Illuminate/Pipeline/Pipeline.php(219): Illuminate/Session/Middleware/StartSession->handle()
#18 C:/Users/gabyr/Downloads/Proyecto web/Proyecto web/gym-app/vendor/laravel/framework/src/Illuminate/Cookie/Middleware/AddQueuedCookiesToResponse.php(36): Illuminate/Pipeline/Pipeline->Illuminate/Pipeline/{closure}()
#19 C:/Users/gabyr/Downloads/Proyecto web/Proyecto web/gym-app/vendor/laravel/framework/src/Illuminate/Pipeline/Pipeline.php(219): Illuminate/Cookie/Middleware/AddQueuedCookiesToResponse->handle()
#20 C:/Users/gabyr/Downloads/Proyecto web/Proyecto web/gym-app/vendor/laravel/framework/src/Illuminate/Cookie/Middleware/EncryptCookies.php(74): Illuminate/Pipeline/Pipeline->Illuminate/Pipeline/{closure}()
#21 C:/Users/gabyr/Downloads/Proyecto web/Proyecto web/gym-app/vendor/laravel/framework/src/Illuminate/Pipeline/Pipeline.php(219): Illuminate/Cookie/Middleware/EncryptCookies->handle()
#22 C:/Users/gabyr/Downloads/Proyecto web/Proyecto web/gym-app/vendor/laravel/framework/src/Illuminate/Pipeline/Pipeline.php(137): Illuminate/Pipeline/Pipeline->Illuminate/Pipeline/{closure}()
#23 C:/Users/gabyr/Downloads/Proyecto web/Proyecto web/gym-app/vendor/laravel/framework/src/Illuminate/Routing/Router.php(821): Illuminate/Pipeline/Pipeline->then()
#24 C:/Users/gabyr/Downloads/Proyecto web/Proyecto web/gym-app/vendor/laravel/framework/src/Illuminate/Routing/Router.php(800): Illuminate/Routing/Router->runRouteWithinStack()
#25 C:/Users/gabyr/Downloads/Proyecto web/Proyecto web/gym-app/vendor/laravel/framework/src/Illuminate/Routing/Router.php(764): Illuminate/Routing/Router->runRoute()
#26 C:/Users/gabyr/Downloads/Proyecto web/Proyecto web/gym-app/vendor/laravel/framework/src/Illuminate/Routing/Router.php(753): Illuminate/Routing/Router->dispatchToRoute()
#27 C:/Users/gabyr/Downloads/Proyecto web/Proyecto web/gym-app/vendor/laravel/framework/src/Illuminate/Foundation/Http/Kernel.php(200): Illuminate/Routing/Router->dispatch()
#28 C:/Users/gabyr/Downloads/Proyecto web/Proyecto web/gym-app/vendor/laravel/framework/src/Illuminate/Pipeline/Pipeline.php(180): Illuminate/Foundation/Http/Kernel->Illuminate/Foundation/Http/{closure}()
#29 C:/Users/gabyr/Downloads/Proyecto web/Proyecto web/gym-app/vendor/laravel/framework/src/Illuminate/Foundation/Http/Middleware/TransformsRequest.php(21): Illuminate/Pipeline/Pipeline->Illuminate/Pipeline/{closure}()
#30 C:/Users/gabyr/Downloads/Proyecto web/Proyecto web/gym-app/vendor/laravel/framework/src/Illuminate/Foundation/Http/Middleware/ConvertEmptyStringsToNull.php(31): Illuminate/Foundation/Http/Middleware/TransformsRequest->handle()
#31 C:/Users/gabyr/Downloads/Proyecto web/Proyecto web/gym-app/vendor/laravel/framework/src/Illuminate/Pipeline/Pipeline.php(219): Illuminate/Foundation/Http/Middleware/ConvertEmptyStringsToNull->handle()
#32 C:/Users/gabyr/Downloads/Proyecto web/Proyecto web/gym-app/vendor/laravel/framework/src/Illuminate/Foundation/Http/Middleware/TransformsRequest.php(21): Illuminate/Pipeline/Pipeline->Illuminate/Pipeline/{closure}()
#33 C:/Users/gabyr/Downloads/Proyecto web/Proyecto web/gym-app/vendor/laravel/framework/src/Illuminate/Foundation/Http/Middleware/TrimStrings.php(51): Illuminate/Foundation/Http/Middleware/TransformsRequest->handle()
#34 C:/Users/gabyr/Downloads/Proyecto web/Proyecto web/gym-app/vendor/laravel/framework/src/Illuminate/Pipeline/Pipeline.php(219): Illuminate/Foundation/Http/Middleware/TrimStrings->handle()
#35 C:/Users/gabyr/Downloads/Proyecto web/Proyecto web/gym-app/vendor/laravel/framework/src/Illuminate/Http/Middleware/ValidatePostSize.php(27): Illuminate/Pipeline/Pipeline->Illuminate/Pipeline/{closure}()
#36 C:/Users/gabyr/Downloads/Proyecto web/Proyecto web/gym-app/vendor/laravel/framework/src/Illuminate/Pipeline/Pipeline.php(219): Illuminate/Http/Middleware/ValidatePostSize->handle()
#37 C:/Users/gabyr/Downloads/Proyecto web/Proyecto web/gym-app/vendor/laravel/framework/src/Illuminate/Foundation/Http/Middleware/PreventRequestsDuringMaintenance.php(109): Illuminate/Pipeline/Pipeline->Illuminate/Pipeline/{closure}()
#38 C:/Users/gabyr/Downloads/Proyecto web/Proyecto web/gym-app/vendor/laravel/framework/src/Illuminate/Pipeline/Pipeline.php(219): Illuminate/Foundation/Http/Middleware/PreventRequestsDuringMaintenance->handle()
#39 C:/Users/gabyr/Downloads/Proyecto web/Proyecto web/gym-app/vendor/laravel/framework/src/Illuminate/Http/Middleware/HandleCors.php(61): Illuminate/Pipeline/Pipeline->Illuminate/Pipeline/{closure}()
#40 C:/Users/gabyr/Downloads/Proyecto web/Proyecto web/gym-app/vendor/laravel/framework/src/Illuminate/Pipeline/Pipeline.php(219): Illuminate/Http/Middleware/HandleCors->handle()
#41 C:/Users/gabyr/Downloads/Proyecto web/Proyecto web/gym-app/vendor/laravel/framework/src/Illuminate/Http/Middleware/TrustProxies.php(58): Illuminate/Pipeline/Pipeline->Illuminate/Pipeline/{closure}()
#42 C:/Users/gabyr/Downloads/Proyecto web/Proyecto web/gym-app/vendor/laravel/framework/src/Illuminate/Pipeline/Pipeline.php(219): Illuminate/Http/Middleware/TrustProxies->handle()
#43 C:/Users/gabyr/Downloads/Proyecto web/Proyecto web/gym-app/vendor/laravel/framework/src/Illuminate/Foundation/Http/Middleware/InvokeDeferredCallbacks.php(22): Illuminate/Pipeline/Pipeline->Illuminate/Pipeline/{closure}()
#44 C:/Users/gabyr/Downloads/Proyecto web/Proyecto web/gym-app/vendor/laravel/framework/src/Illuminate/Pipeline/Pipeline.php(219): Illuminate/Foundation/Http/Middleware/InvokeDeferredCallbacks->handle()
#45 C:/Users/gabyr/Downloads/Proyecto web/Proyecto web/gym-app/vendor/laravel/framework/src/Illuminate/Http/Middleware/ValidatePathEncoding.php(26): Illuminate/Pipeline/Pipeline->Illuminate/Pipeline/{closure}()
#46 C:/Users/gabyr/Downloads/Proyecto web/Proyecto web/gym-app/vendor/laravel/framework/src/Illuminate/Pipeline/Pipeline.php(219): Illuminate/Http/Middleware/ValidatePathEncoding->handle()
#47 C:/Users/gabyr/Downloads/Proyecto web/Proyecto web/gym-app/vendor/laravel/framework/src/Illuminate/Pipeline/Pipeline.php(137): Illuminate/Pipeline/Pipeline->Illuminate/Pipeline/{closure}()
#48 C:/Users/gabyr/Downloads/Proyecto web/Proyecto web/gym-app/vendor/laravel/framework/src/Illuminate/Foundation/Http/Kernel.php(175): Illuminate/Pipeline/Pipeline->then()
#49 C:/Users/gabyr/Downloads/Proyecto web/Proyecto web/gym-app/vendor/laravel/framework/src/Illuminate/Foundation/Http/Kernel.php(144): Illuminate/Foundation/Http/Kernel->sendRequestThroughRouter()
#50 C:/Users/gabyr/Downloads/Proyecto web/Proyecto web/gym-app/vendor/laravel/framework/src/Illuminate/Foundation/Application.php(1220): Illuminate/Foundation/Http/Kernel->handle()
#51 C:/Users/gabyr/Downloads/Proyecto web/Proyecto web/gym-app/public/index.php(20): Illuminate/Foundation/Application->handleRequest()
#52 C:/Users/gabyr/Downloads/Proyecto web/Proyecto web/gym-app/vendor/laravel/framework/src/Illuminate/Foundation/resources/server.php(23): require_once('...')
#53 {main}

[previous exception] [object] (ReflectionException(code: -1): Class \"App\\Http\\Controllers\\CarritoController\" does not exist at C:/Users/gabyr/Downloads/Proyecto web/Proyecto web/gym-app/vendor/laravel/framework/src/Illuminate/Container/Container.php:1122)
[stacktrace]
#0 C:/Users/gabyr/Downloads/Proyecto web/Proyecto web/gym-app/vendor/laravel/framework/src/Illuminate/Container/Container.php(1122): ReflectionClass->__construct()
#1 C:/Users/gabyr/Downloads/Proyecto web/Proyecto web/gym-app/vendor/laravel/framework/src/Illuminate/Container/Container.php(933): Illuminate/Container/Container->build()
#2 C:/Users/gabyr/Downloads/Proyecto web/Proyecto web/gym-app/vendor/laravel/framework/src/Illuminate/Foundation/Application.php(1078): Illuminate/Container/Container->resolve()
#3 C:/Users/gabyr/Downloads/Proyecto web/Proyecto web/gym-app/vendor/laravel/framework/src/Illuminate/Container/Container.php(864): Illuminate/Foundation/Application->resolve()
#4 C:/Users/gabyr/Downloads/Proyecto web/Proyecto web/gym-app/vendor/laravel/framework/src/Illuminate/Foundation/Application.php(1058): Illuminate/Container/Container->make()
#5 C:/Users/gabyr/Downloads/Proyecto web/Proyecto web/gym-app/vendor/laravel/framework/src/Illuminate/Routing/Route.php(286): Illuminate/Foundation/Application->make()
#6 C:/Users/gabyr/Downloads/Proyecto web/Proyecto web/gym-app/vendor/laravel/framework/src/Illuminate/Routing/Route.php(266): Illuminate/Routing/Route->getController()
#7 C:/Users/gabyr/Downloads/Proyecto web/Proyecto web/gym-app/vendor/laravel/framework/src/Illuminate/Routing/Route.php(211): Illuminate/Routing/Route->runController()
#8 C:/Users/gabyr/Downloads/Proyecto web/Proyecto web/gym-app/vendor/laravel/framework/src/Illuminate/Routing/Router.php(822): Illuminate/Routing/Route->run()
#9 C:/Users/gabyr/Downloads/Proyecto web/Proyecto web/gym-app/vendor/laravel/framework/src/Illuminate/Pipeline/Pipeline.php(180): Illuminate/Routing/Router->Illuminate/Routing/{closure}()
#10 C:/Users/gabyr/Downloads/Proyecto web/Proyecto web/gym-app/vendor/laravel/framework/src/Illuminate/Routing/Middleware/SubstituteBindings.php(50): Illuminate/Pipeline/Pipeline->Illuminate/Pipeline/{closure}()
#11 C:/Users/gabyr/Downloads/Proyecto web/Proyecto web/gym-app/vendor/laravel/framework/src/Illuminate/Pipeline/Pipeline.php(219): Illuminate/Routing/Middleware/SubstituteBindings->handle()
#12 C:/Users/gabyr/Downloads/Proyecto web/Proyecto web/gym-app/vendor/laravel/framework/src/Illuminate/Foundation/Http/Middleware/VerifyCsrfToken.php(87): Illuminate/Pipeline/Pipeline->Illuminate/Pipeline/{closure}()
#13 C:/Users/gabyr/Downloads/Proyecto web/Proyecto web/gym-app/vendor/laravel/framework/src/Illuminate/Pipeline/Pipeline.php(219): Illuminate/Foundation/Http/Middleware/VerifyCsrfToken->handle()
#14 C:/Users/gabyr/Downloads/Proyecto web/Proyecto web/gym-app/vendor/laravel/framework/src/Illuminate/View/Middleware/ShareErrorsFromSession.php(48): Illuminate/Pipeline/Pipeline->Illuminate/Pipeline/{closure}()
#15 C:/Users/gabyr/Downloads/Proyecto web/Proyecto web/gym-app/vendor/laravel/framework/src/Illuminate/Pipeline/Pipeline.php(219): Illuminate/View/Middleware/ShareErrorsFromSession->handle()
#16 C:/Users/gabyr/Downloads/Proyecto web/Proyecto web/gym-app/vendor/laravel/framework/src/Illuminate/Session/Middleware/StartSession.php(120): Illuminate/Pipeline/Pipeline->Illuminate/Pipeline/{closure}()
#17 C:/Users/gabyr/Downloads/Proyecto web/Proyecto web/gym-app/vendor/laravel/framework/src/Illuminate/Session/Middleware/StartSession.php(63): Illuminate/Session/Middleware/StartSession->handleStatefulRequest()
#18 C:/Users/gabyr/Downloads/Proyecto web/Proyecto web/gym-app/vendor/laravel/framework/src/Illuminate/Pipeline/Pipeline.php(219): Illuminate/Session/Middleware/StartSession->handle()
#19 C:/Users/gabyr/Downloads/Proyecto web/Proyecto web/gym-app/vendor/laravel/framework/src/Illuminate/Cookie/Middleware/AddQueuedCookiesToResponse.php(36): Illuminate/Pipeline/Pipeline->Illuminate/Pipeline/{closure}()
#20 C:/Users/gabyr/Downloads/Proyecto web/Proyecto web/gym-app/vendor/laravel/framework/src/Illuminate/Pipeline/Pipeline.php(219): Illuminate/Cookie/Middleware/AddQueuedCookiesToResponse->handle()
#21 C:/Users/gabyr/Downloads/Proyecto web/Proyecto web/gym-app/vendor/laravel/framework/src/Illuminate/Cookie/Middleware/EncryptCookies.php(74): Illuminate/Pipeline/Pipeline->Illuminate/Pipeline/{closure}()
#22 C:/Users/gabyr/Downloads/Proyecto web/Proyecto web/gym-app/vendor/laravel/framework/src/Illuminate/Pipeline/Pipeline.php(219): Illuminate/Cookie/Middleware/EncryptCookies->handle()
#23 C:/Users/gabyr/Downloads/Proyecto web/Proyecto web/gym-app/vendor/laravel/framework/src/Illuminate/Pipeline/Pipeline.php(137): Illuminate/Pipeline/Pipeline->Illuminate/Pipeline/{closure}()
#24 C:/Users/gabyr/Downloads/Proyecto web/Proyecto web/gym-app/vendor/laravel/framework/src/Illuminate/Routing/Router.php(821): Illuminate/Pipeline/Pipeline->then()
#25 C:/Users/gabyr/Downloads/Proyecto web/Proyecto web/gym-app/vendor/laravel/framework/src/Illuminate/Routing/Router.php(800): Illuminate/Routing/Router->runRouteWithinStack()
#26 C:/Users/gabyr/Downloads/Proyecto web/Proyecto web/gym-app/vendor/laravel/framework/src/Illuminate/Routing/Router.php(764): Illuminate/Routing/Router->runRoute()
#27 C:/Users/gabyr/Downloads/Proyecto web/Proyecto web/gym-app/vendor/laravel/framework/src/Illuminate/Routing/Router.php(753): Illuminate/Routing/Router->dispatchToRoute()
#28 C:/Users/gabyr/Downloads/Proyecto web/Proyecto web/gym-app/vendor/laravel/framework/src/Illuminate/Foundation/Http/Kernel.php(200): Illuminate/Routing/Router->dispatch()
#29 C:/Users/gabyr/Downloads/Proyecto web/Proyecto web/gym-app/vendor/laravel/framework/src/Illuminate/Pipeline/Pipeline.php(180): Illuminate/Foundation/Http/Kernel->Illuminate/Foundation/Http/{closure}()
#30 C:/Users/gabyr/Downloads/Proyecto web/Proyecto web/gym-app/vendor/laravel/framework/src/Illuminate/Foundation/Http/Middleware/TransformsRequest.php(21): Illuminate/Pipeline/Pipeline->Illuminate/Pipeline/{closure}()
#31 C:/Users/gabyr/Downloads/Proyecto web/Proyecto web/gym-app/vendor/laravel/framework/src/Illuminate/Foundation/Http/Middleware/ConvertEmptyStringsToNull.php(31): Illuminate/Foundation/Http/Middleware/TransformsRequest->handle()
#32 C:/Users/gabyr/Downloads/Proyecto web/Proyecto web/gym-app/vendor/laravel/framework/src/Illuminate/Pipeline/Pipeline.php(219): Illuminate/Foundation/Http/Middleware/ConvertEmptyStringsToNull->handle()
#33 C:/Users/gabyr/Downloads/Proyecto web/Proyecto web/gym-app/vendor/laravel/framework/src/Illuminate/Foundation/Http/Middleware/TransformsRequest.php(21): Illuminate/Pipeline/Pipeline->Illuminate/Pipeline/{closure}()
#34 C:/Users/gabyr/Downloads/Proyecto web/Proyecto web/gym-app/vendor/laravel/framework/src/Illuminate/Foundation/Http/Middleware/TrimStrings.php(51): Illuminate/Foundation/Http/Middleware/TransformsRequest->handle()
#35 C:/Users/gabyr/Downloads/Proyecto web/Proyecto web/gym-app/vendor/laravel/framework/src/Illuminate/Pipeline/Pipeline.php(219): Illuminate/Foundation/Http/Middleware/TrimStrings->handle()
#36 C:/Users/gabyr/Downloads/Proyecto web/Proyecto web/gym-app/vendor/laravel/framework/src/Illuminate/Http/Middleware/ValidatePostSize.php(27): Illuminate/Pipeline/Pipeline->Illuminate/Pipeline/{closure}()
#37 C:/Users/gabyr/Downloads/Proyecto web/Proyecto web/gym-app/vendor/laravel/framework/src/Illuminate/Pipeline/Pipeline.php(219): Illuminate/Http/Middleware/ValidatePostSize->handle()
#38 C:/Users/gabyr/Downloads/Proyecto web/Proyecto web/gym-app/vendor/laravel/framework/src/Illuminate/Foundation/Http/Middleware/PreventRequestsDuringMaintenance.php(109): Illuminate/Pipeline/Pipeline->Illuminate/Pipeline/{closure}()
#39 C:/Users/gabyr/Downloads/Proyecto web/Proyecto web/gym-app/vendor/laravel/framework/src/Illuminate/Pipeline/Pipeline.php(219): Illuminate/Foundation/Http/Middleware/PreventRequestsDuringMaintenance->handle()
#40 C:/Users/gabyr/Downloads/Proyecto web/Proyecto web/gym-app/vendor/laravel/framework/src/Illuminate/Http/Middleware/HandleCors.php(61): Illuminate/Pipeline/Pipeline->Illuminate/Pipeline/{closure}()
#41 C:/Users/gabyr/Downloads/Proyecto web/Proyecto web/gym-app/vendor/laravel/framework/src/Illuminate/Pipeline/Pipeline.php(219): Illuminate/Http/Middleware/HandleCors->handle()
#42 C:/Users/gabyr/Downloads/Proyecto web/Proyecto web/gym-app/vendor/laravel/framework/src/Illuminate/Http/Middleware/TrustProxies.php(58): Illuminate/Pipeline/Pipeline->Illuminate/Pipeline/{closure}()
#43 C:/Users/gabyr/Downloads/Proyecto web/Proyecto web/gym-app/vendor/laravel/framework/src/Illuminate/Pipeline/Pipeline.php(219): Illuminate/Http/Middleware/TrustProxies->handle()
#44 C:/Users/gabyr/Downloads/Proyecto web/Proyecto web/gym-app/vendor/laravel/framework/src/Illuminate/Foundation/Http/Middleware/InvokeDeferredCallbacks.php(22): Illuminate/Pipeline/Pipeline->Illuminate/Pipeline/{closure}()
#45 C:/Users/gabyr/Downloads/Proyecto web/Proyecto web/gym-app/vendor/laravel/framework/src/Illuminate/Pipeline/Pipeline.php(219): Illuminate/Foundation/Http/Middleware/InvokeDeferredCallbacks->handle()
#46 C:/Users/gabyr/Downloads/Proyecto web/Proyecto web/gym-app/vendor/laravel/framework/src/Illuminate/Http/Middleware/ValidatePathEncoding.php(26): Illuminate/Pipeline/Pipeline->Illuminate/Pipeline/{closure}()
#47 C:/Users/gabyr/Downloads/Proyecto web/Proyecto web/gym-app/vendor/laravel/framework/src/Illuminate/Pipeline/Pipeline.php(219): Illuminate/Http/Middleware/ValidatePathEncoding->handle()
#48 C:/Users/gabyr/Downloads/Proyecto web/Proyecto web/gym-app/vendor/laravel/framework/src/Illuminate/Pipeline/Pipeline.php(137): Illuminate/Pipeline/Pipeline->Illuminate/Pipeline/{closure}()
#49 C:/Users/gabyr/Downloads/Proyecto web/Proyecto web/gym-app/vendor/laravel/framework/src/Illuminate/Foundation/Http/Kernel.php(175): Illuminate/Pipeline/Pipeline->then()
#50 C:/Users/gabyr/Downloads/Proyecto web/Proyecto web/gym-app/vendor/laravel/framework/src/Illuminate/Foundation/Http/Kernel.php(144): Illuminate/Foundation/Http/Kernel->sendRequestThroughRouter()
#51 C:/Users/gabyr/Downloads/Proyecto web/Proyecto web/gym-app/vendor/laravel/framework/src/Illuminate/Foundation/Application.php(1220): Illuminate/Foundation/Http/Kernel->handle()
#52 C:/Users/gabyr/Downloads/Proyecto web/Proyecto web/gym-app/public/index.php(20): Illuminate/Foundation/Application->handleRequest()
#53 C:/Users/gabyr/Downloads/Proyecto web/Proyecto web/gym-app/vendor/laravel/framework/src/Illuminate/Foundation/resources/server.php(23): require_once('...')
#54 {main}
"} 
[2026-05-25 03:03:43] local.ERROR: Command "ui" is not defined. {"exception":"[object] (Symfony\\Component\\Console\\Exception\\CommandNotFoundException(code: 0): Command \"ui\" is not defined. at C:/Users/gabyr/Downloads/Proyecto web/Proyecto web/gym-app/vendor/symfony/console/Application.php:759)
[stacktrace]
#0 C:/Users/gabyr/Downloads/Proyecto web/Proyecto web/gym-app/vendor/symfony/console/Application.php(298): Symfony/Component/Console/Application->find()
#1 C:/Users/gabyr/Downloads/Proyecto web/Proyecto web/gym-app/vendor/symfony/console/Application.php(195): Symfony/Component/Console/Application->doRun()
#2 C:/Users/gabyr/Downloads/Proyecto web/Proyecto web/gym-app/vendor/laravel/framework/src/Illuminate/Foundation/Console/Kernel.php(198): Symfony/Component/Console/Application->run()
#3 C:/Users/gabyr/Downloads/Proyecto web/Proyecto web/gym-app/vendor/laravel/framework/src/Illuminate/Foundation/Application.php(1235): Illuminate/Foundation/Console/Kernel->handle()
#4 C:/Users/gabyr/Downloads/Proyecto web/Proyecto web/gym-app/artisan(16): Illuminate/Foundation/Application->handleCommand()
#5 {main}
"} 
[2026-05-25 03:42:33] local.ERROR: Vite manifest not found at: C:\Users\gabyr\Downloads\Proyecto web\Proyecto web\gym-app\public\build/manifest.json (View: C:\Users\gabyr\Downloads\Proyecto web\Proyecto web\gym-app\resources\views\layouts\app.blade.php) (View: C:\Users\gabyr\Downloads\Proyecto web\Proyecto web\gym-app\resources\views\layouts\app.blade.php) {"exception":"[object] (Illuminate\\View\\ViewException(code: 0): Vite manifest not found at: C:\\Users\\gabyr\\Downloads\\Proyecto web\\Proyecto web\\gym-app\\public\\build/manifest.json (View: C:\\Users\\gabyr\\Downloads\\Proyecto web\\Proyecto web\\gym-app\\resources\\views\\layouts\\app.blade.php) (View: C:\\Users\\gabyr\\Downloads\\Proyecto web\\Proyecto web\\gym-app\\resources\\views\\layouts\\app.blade.php) at C:/Users/gabyr/Downloads/Proyecto web/Proyecto web/gym-app/vendor/laravel/framework/src/Illuminate/Foundation/Vite.php:946)
[stacktrace]
#0 C:/Users/gabyr/Downloads/Proyecto web/Proyecto web/gym-app/vendor/laravel/framework/src/Illuminate/View/Engines/PhpEngine.php(59): Illuminate/View/Engines/CompilerEngine->handleViewException()
#1 C:/Users/gabyr/Downloads/Proyecto web/Proyecto web/gym-app/vendor/laravel/framework/src/Illuminate/View/Engines/CompilerEngine.php(76): Illuminate/View/Engines/PhpEngine->evaluatePath()
#2 C:/Users/gabyr/Downloads/Proyecto web/Proyecto web/gym-app/vendor/laravel/framework/src/Illuminate/View/View.php(208): Illuminate/View/Engines/CompilerEngine->get()
#3 C:/Users/gabyr/Downloads/Proyecto web/Proyecto web/gym-app/vendor/laravel/framework/src/Illuminate/View/View.php(191): Illuminate/View/View->getContents()
#4 C:/Users/gabyr/Downloads/Proyecto web/Proyecto web/gym-app/vendor/laravel/framework/src/Illuminate/View/View.php(160): Illuminate/View/View->renderContents()
#5 C:/Users/gabyr/Downloads/Proyecto web/Proyecto web/gym-app/vendor/laravel/framework/src/Illuminate/Http/Response.php(78): Illuminate/View/View->render()
#6 C:/Users/gabyr/Downloads/Proyecto web/Proyecto web/gym-app/vendor/laravel/framework/src/Illuminate/Http/Response.php(34): Illuminate/Http/Response->setContent()
#7 C:/Users/gabyr/Downloads/Proyecto web/Proyecto web/gym-app/vendor/laravel/framework/src/Illuminate/Routing/Router.php(939): Illuminate/Http/Response->__construct()
#8 C:/Users/gabyr/Downloads/Proyecto web/Proyecto web/gym-app/vendor/laravel/framework/src/Illuminate/Routing/Router.php(906): Illuminate/Routing/Router::toResponse()
#9 C:/Users/gabyr/Downloads/Proyecto web/Proyecto web/gym-app/vendor/laravel/framework/src/Illuminate/Routing/Router.php(821): Illuminate/Routing/Router->prepareResponse()
#10 C:/Users/gabyr/Downloads/Proyecto web/Proyecto web/gym-app/vendor/laravel/framework/src/Illuminate/Pipeline/Pipeline.php(180): Illuminate/Routing/Router->Illuminate/Routing/{closure}()
#11 C:/Users/gabyr/Downloads/Proyecto web/Proyecto web/gym-app/vendor/laravel/framework/src/Illuminate/Auth/Middleware/RedirectIfAuthenticated.php(47): Illuminate/Pipeline/Pipeline->Illuminate/Pipeline/{closure}()
#12 C:/Users/gabyr/Downloads/Proyecto web/Proyecto web/gym-app/vendor/laravel/framework/src/Illuminate/Pipeline/Pipeline.php(219): Illuminate/Auth/Middleware/RedirectIfAuthenticated->handle()
#13 C:/Users/gabyr/Downloads/Proyecto web/Proyecto web/gym-app/vendor/laravel/framework/src/Illuminate/Routing/Middleware/SubstituteBindings.php(50): Illuminate/Pipeline/Pipeline->Illuminate/Pipeline/{closure}()
#14 C:/Users/gabyr/Downloads/Proyecto web/Proyecto web/gym-app/vendor/laravel/framework/src/Illuminate/Pipeline/Pipeline.php(219): Illuminate/Routing/Middleware/SubstituteBindings->handle()
#15 C:/Users/gabyr/Downloads/Proyecto web/Proyecto web/gym-app/vendor/laravel/framework/src/Illuminate/Foundation/Http/Middleware/VerifyCsrfToken.php(87): Illuminate/Pipeline/Pipeline->Illuminate/Pipeline/{closure}()
#16 C:/Users/gabyr/Downloads/Proyecto web/Proyecto web/gym-app/vendor/laravel/framework/src/Illuminate/Pipeline/Pipeline.php(219): Illuminate/Foundation/Http/Middleware/VerifyCsrfToken->handle()
#17 C:/Users/gabyr/Downloads/Proyecto web/Proyecto web/gym-app/vendor/laravel/framework/src/Illuminate/View/Middleware/ShareErrorsFromSession.php(48): Illuminate/Pipeline/Pipeline->Illuminate/Pipeline/{closure}()
#18 C:/Users/gabyr/Downloads/Proyecto web/Proyecto web/gym-app/vendor/laravel/framework/src/Illuminate/Pipeline/Pipeline.php(219): Illuminate/View/Middleware/ShareErrorsFromSession->handle()
#19 C:/Users/gabyr/Downloads/Proyecto web/Proyecto web/gym-app/vendor/laravel/framework/src/Illuminate/Session/Middleware/StartSession.php(120): Illuminate/Pipeline/Pipeline->Illuminate/Pipeline/{closure}()
#20 C:/Users/gabyr/Downloads/Proyecto web/Proyecto web/gym-app/vendor/laravel/framework/src/Illuminate/Session/Middleware/StartSession.php(63): Illuminate/Session/Middleware/StartSession->handleStatefulRequest()
#21 C:/Users/gabyr/Downloads/Proyecto web/Proyecto web/gym-app/vendor/laravel/framework/src/Illuminate/Pipeline/Pipeline.php(219): Illuminate/Session/Middleware/StartSession->handle()
#22 C:/Users/gabyr/Downloads/Proyecto web/Proyecto web/gym-app/vendor/laravel/framework/src/Illuminate/Cookie/Middleware/AddQueuedCookiesToResponse.php(36): Illuminate/Pipeline/Pipeline->Illuminate/Pipeline/{closure}()
#23 C:/Users/gabyr/Downloads/Proyecto web/Proyecto web/gym-app/vendor/laravel/framework/src/Illuminate/Pipeline/Pipeline.php(219): Illuminate/Cookie/Middleware/AddQueuedCookiesToResponse->handle()
#24 C:/Users/gabyr/Downloads/Proyecto web/Proyecto web/gym-app/vendor/laravel/framework/src/Illuminate/Cookie/Middleware/EncryptCookies.php(74): Illuminate/Pipeline/Pipeline->Illuminate/Pipeline/{closure}()
#25 C:/Users/gabyr/Downloads/Proyecto web/Proyecto web/gym-app/vendor/laravel/framework/src/Illuminate/Pipeline/Pipeline.php(219): Illuminate/Cookie/Middleware/EncryptCookies->handle()
#26 C:/Users/gabyr/Downloads/Proyecto web/Proyecto web/gym-app/vendor/laravel/framework/src/Illuminate/Pipeline/Pipeline.php(137): Illuminate/Pipeline/Pipeline->Illuminate/Pipeline/{closure}()
#27 C:/Users/gabyr/Downloads/Proyecto web/Proyecto web/gym-app/vendor/laravel/framework/src/Illuminate/Routing/Router.php(821): Illuminate/Pipeline/Pipeline->then()
#28 C:/Users/gabyr/Downloads/Proyecto web/Proyecto web/gym-app/vendor/laravel/framework/src/Illuminate/Routing/Router.php(800): Illuminate/Routing/Router->runRouteWithinStack()
#29 C:/Users/gabyr/Downloads/Proyecto web/Proyecto web/gym-app/vendor/laravel/framework/src/Illuminate/Routing/Router.php(764): Illuminate/Routing/Router->runRoute()
#30 C:/Users/gabyr/Downloads/Proyecto web/Proyecto web/gym-app/vendor/laravel/framework/src/Illuminate/Routing/Router.php(753): Illuminate/Routing/Router->dispatchToRoute()
#31 C:/Users/gabyr/Downloads/Proyecto web/Proyecto web/gym-app/vendor/laravel/framework/src/Illuminate/Foundation/Http/Kernel.php(200): Illuminate/Routing/Router->dispatch()
#32 C:/Users/gabyr/Downloads/Proyecto web/Proyecto web/gym-app/vendor/laravel/framework/src/Illuminate/Pipeline/Pipeline.php(180): Illuminate/Foundation/Http/Kernel->Illuminate/Foundation/Http/{closure}()
#33 C:/Users/gabyr/Downloads/Proyecto web/Proyecto web/gym-app/vendor/laravel/framework/src/Illuminate/Foundation/Http/Middleware/TransformsRequest.php(21): Illuminate/Pipeline/Pipeline->Illuminate/Pipeline/{closure}()
#34 C:/Users/gabyr/Downloads/Proyecto web/Proyecto web/gym-app/vendor/laravel/framework/src/Illuminate/Foundation/Http/Middleware/ConvertEmptyStringsToNull.php(31): Illuminate/Foundation/Http/Middleware/TransformsRequest->handle()
#35 C:/Users/gabyr/Downloads/Proyecto web/Proyecto web/gym-app/vendor/laravel/framework/src/Illuminate/Pipeline/Pipeline.php(219): Illuminate/Foundation/Http/Middleware/ConvertEmptyStringsToNull->handle()
#36 C:/Users/gabyr/Downloads/Proyecto web/Proyecto web/gym-app/vendor/laravel/framework/src/Illuminate/Foundation/Http/Middleware/TransformsRequest.php(21): Illuminate/Pipeline/Pipeline->Illuminate/Pipeline/{closure}()
#37 C:/Users/gabyr/Downloads/Proyecto web/Proyecto web/gym-app/vendor/laravel/framework/src/Illuminate/Foundation/Http/Middleware/TrimStrings.php(51): Illuminate/Foundation/Http/Middleware/TransformsRequest->handle()
#38 C:/Users/gabyr/Downloads/Proyecto web/Proyecto web/gym-app/vendor/laravel/framework/src/Illuminate/Pipeline/Pipeline.php(219): Illuminate/Foundation/Http/Middleware/TrimStrings->handle()
#39 C:/Users/gabyr/Downloads/Proyecto web/Proyecto web/gym-app/vendor/laravel/framework/src/Illuminate/Http/Middleware/ValidatePostSize.php(27): Illuminate/Pipeline/Pipeline->Illuminate/Pipeline/{closure}()
#40 C:/Users/gabyr/Downloads/Proyecto web/Proyecto web/gym-app/vendor/laravel/framework/src/Illuminate/Pipeline/Pipeline.php(219): Illuminate/Http/Middleware/ValidatePostSize->handle()
#41 C:/Users/gabyr/Downloads/Proyecto web/Proyecto web/gym-app/vendor/laravel/framework/src/Illuminate/Foundation/Http/Middleware/PreventRequestsDuringMaintenance.php(109): Illuminate/Pipeline/Pipeline->Illuminate/Pipeline/{closure}()
#42 C:/Users/gabyr/Downloads/Proyecto web/Proyecto web/gym-app/vendor/laravel/framework/src/Illuminate/Pipeline/Pipeline.php(219): Illuminate/Foundation/Http/Middleware/PreventRequestsDuringMaintenance->handle()
#43 C:/Users/gabyr/Downloads/Proyecto web/Proyecto web/gym-app/vendor/laravel/framework/src/Illuminate/Http/Middleware/HandleCors.php(61): Illuminate/Pipeline/Pipeline->Illuminate/Pipeline/{closure}()
#44 C:/Users/gabyr/Downloads/Proyecto web/Proyecto web/gym-app/vendor/laravel/framework/src/Illuminate/Pipeline/Pipeline.php(219): Illuminate/Http/Middleware/HandleCors->handle()
#45 C:/Users/gabyr/Downloads/Proyecto web/Proyecto web/gym-app/vendor/laravel/framework/src/Illuminate/Http/Middleware/TrustProxies.php(58): Illuminate/Pipeline/Pipeline->Illuminate/Pipeline/{closure}()
#46 C:/Users/gabyr/Downloads/Proyecto web/Proyecto web/gym-app/vendor/laravel/framework/src/Illuminate/Pipeline/Pipeline.php(219): Illuminate/Http/Middleware/TrustProxies->handle()
#47 C:/Users/gabyr/Downloads/Proyecto web/Proyecto web/gym-app/vendor/laravel/framework/src/Illuminate/Foundation/Http/Middleware/InvokeDeferredCallbacks.php(22): Illuminate/Pipeline/Pipeline->Illuminate/Pipeline/{closure}()
#48 C:/Users/gabyr/Downloads/Proyecto web/Proyecto web/gym-app/vendor/laravel/framework/src/Illuminate/Pipeline/Pipeline.php(219): Illuminate/Foundation/Http/Middleware/InvokeDeferredCallbacks->handle()
#49 C:/Users/gabyr/Downloads/Proyecto web/Proyecto web/gym-app/vendor/laravel/framework/src/Illuminate/Http/Middleware/ValidatePathEncoding.php(26): Illuminate/Pipeline/Pipeline->Illuminate/Pipeline/{closure}()
#50 C:/Users/gabyr/Downloads/Proyecto web/Proyecto web/gym-app/vendor/laravel/framework/src/Illuminate/Pipeline/Pipeline.php(219): Illuminate/Http/Middleware/ValidatePathEncoding->handle()
#51 C:/Users/gabyr/Downloads/Proyecto web/Proyecto web/gym-app/vendor/laravel/framework/src/Illuminate/Pipeline/Pipeline.php(137): Illuminate/Pipeline/Pipeline->Illuminate/Pipeline/{closure}()
#52 C:/Users/gabyr/Downloads/Proyecto web/Proyecto web/gym-app/vendor/laravel/framework/src/Illuminate/Foundation/Http/Kernel.php(175): Illuminate/Pipeline/Pipeline->then()
#53 C:/Users/gabyr/Downloads/Proyecto web/Proyecto web/gym-app/vendor/laravel/framework/src/Illuminate/Foundation/Http/Kernel.php(144): Illuminate/Foundation/Http/Kernel->sendRequestThroughRouter()
#54 C:/Users/gabyr/Downloads/Proyecto web/Proyecto web/gym-app/vendor/laravel/framework/src/Illuminate/Foundation/Application.php(1220): Illuminate/Foundation/Http/Kernel->handle()
#55 C:/Users/gabyr/Downloads/Proyecto web/Proyecto web/gym-app/public/index.php(20): Illuminate/Foundation/Application->handleRequest()
#56 C:/Users/gabyr/Downloads/Proyecto web/Proyecto web/gym-app/vendor/laravel/framework/src/Illuminate/Foundation/resources/server.php(23): require_once('...')
#57 {main}

[previous exception] [object] (Illuminate\\View\\ViewException(code: 0): Vite manifest not found at: C:\\Users\\gabyr\\Downloads\\Proyecto web\\Proyecto web\\gym-app\\public\\build/manifest.json (View: C:\\Users\\gabyr\\Downloads\\Proyecto web\\Proyecto web\\gym-app\\resources\\views\\layouts\\app.blade.php) at C:/Users/gabyr/Downloads/Proyecto web/Proyecto web/gym-app/vendor/laravel/framework/src/Illuminate/Foundation/Vite.php:946)
[stacktrace]
#0 C:/Users/gabyr/Downloads/Proyecto web/Proyecto web/gym-app/vendor/laravel/framework/src/Illuminate/View/Engines/PhpEngine.php(59): Illuminate/View/Engines/CompilerEngine->handleViewException()
#1 C:/Users/gabyr/Downloads/Proyecto web/Proyecto web/gym-app/vendor/laravel/framework/src/Illuminate/View/Engines/CompilerEngine.php(76): Illuminate/View/Engines/PhpEngine->evaluatePath()
#2 C:/Users/gabyr/Downloads/Proyecto web/Proyecto web/gym-app/vendor/laravel/framework/src/Illuminate/View/View.php(208): Illuminate/View/Engines/CompilerEngine->get()
#3 C:/Users/gabyr/Downloads/Proyecto web/Proyecto web/gym-app/vendor/laravel/framework/src/Illuminate/View/View.php(191): Illuminate/View/View->getContents()
#4 C:/Users/gabyr/Downloads/Proyecto web/Proyecto web/gym-app/vendor/laravel/framework/src/Illuminate/View/View.php(160): Illuminate/View/View->renderContents()
#5 C:/Users/gabyr/Downloads/Proyecto web/Proyecto web/gym-app/storage/framework/views/128cc3c622eece639f85f494092b7348.php(106): Illuminate/View/View->render()
#6 C:/Users/gabyr/Downloads/Proyecto web/Proyecto web/gym-app/vendor/laravel/framework/src/Illuminate/Filesystem/Filesystem.php(123): require('...')
#7 C:/Users/gabyr/Downloads/Proyecto web/Proyecto web/gym-app/vendor/laravel/framework/src/Illuminate/Filesystem/Filesystem.php(124): Illuminate/Filesystem/Filesystem::Illuminate/Filesystem/{closure}()
#8 C:/Users/gabyr/Downloads/Proyecto web/Proyecto web/gym-app/vendor/laravel/framework/src/Illuminate/View/Engines/PhpEngine.php(57): Illuminate/Filesystem/Filesystem->getRequire()
#9 C:/Users/gabyr/Downloads/Proyecto web/Proyecto web/gym-app/vendor/laravel/framework/src/Illuminate/View/Engines/CompilerEngine.php(76): Illuminate/View/Engines/PhpEngine->evaluatePath()
#10 C:/Users/gabyr/Downloads/Proyecto web/Proyecto web/gym-app/vendor/laravel/framework/src/Illuminate/View/View.php(208): Illuminate/View/Engines/CompilerEngine->get()
#11 C:/Users/gabyr/Downloads/Proyecto web/Proyecto web/gym-app/vendor/laravel/framework/src/Illuminate/View/View.php(191): Illuminate/View/View->getContents()
#12 C:/Users/gabyr/Downloads/Proyecto web/Proyecto web/gym-app/vendor/laravel/framework/src/Illuminate/View/View.php(160): Illuminate/View/View->renderContents()
#13 C:/Users/gabyr/Downloads/Proyecto web/Proyecto web/gym-app/vendor/laravel/framework/src/Illuminate/Http/Response.php(78): Illuminate/View/View->render()
#14 C:/Users/gabyr/Downloads/Proyecto web/Proyecto web/gym-app/vendor/laravel/framework/src/Illuminate/Http/Response.php(34): Illuminate/Http/Response->setContent()
#15 C:/Users/gabyr/Downloads/Proyecto web/Proyecto web/gym-app/vendor/laravel/framework/src/Illuminate/Routing/Router.php(939): Illuminate/Http/Response->__construct()
#16 C:/Users/gabyr/Downloads/Proyecto web/Proyecto web/gym-app/vendor/laravel/framework/src/Illuminate/Routing/Router.php(906): Illuminate/Routing/Router::toResponse()
#17 C:/Users/gabyr/Downloads/Proyecto web/Proyecto web/gym-app/vendor/laravel/framework/src/Illuminate/Routing/Router.php(821): Illuminate/Routing/Router->prepareResponse()
#18 C:/Users/gabyr/Downloads/Proyecto web/Proyecto web/gym-app/vendor/laravel/framework/src/Illuminate/Pipeline/Pipeline.php(180): Illuminate/Routing/Router->Illuminate/Routing/{closure}()
#19 C:/Users/gabyr/Downloads/Proyecto web/Proyecto web/gym-app/vendor/laravel/framework/src/Illuminate/Auth/Middleware/RedirectIfAuthenticated.php(47): Illuminate/Pipeline/Pipeline->Illuminate/Pipeline/{closure}()
#20 C:/Users/gabyr/Downloads/Proyecto web/Proyecto web/gym-app/vendor/laravel/framework/src/Illuminate/Pipeline/Pipeline.php(219): Illuminate/Auth/Middleware/RedirectIfAuthenticated->handle()
#21 C:/Users/gabyr/Downloads/Proyecto web/Proyecto web/gym-app/vendor/laravel/framework/src/Illuminate/Routing/Middleware/SubstituteBindings.php(50): Illuminate/Pipeline/Pipeline->Illuminate/Pipeline/{closure}()
#22 C:/Users/gabyr/Downloads/Proyecto web/Proyecto web/gym-app/vendor/laravel/framework/src/Illuminate/Pipeline/Pipeline.php(219): Illuminate/Routing/Middleware/SubstituteBindings->handle()
#23 C:/Users/gabyr/Downloads/Proyecto web/Proyecto web/gym-app/vendor/laravel/framework/src/Illuminate/Foundation/Http/Middleware/VerifyCsrfToken.php(87): Illuminate/Pipeline/Pipeline->Illuminate/Pipeline/{closure}()
#24 C:/Users/gabyr/Downloads/Proyecto web/Proyecto web/gym-app/vendor/laravel/framework/src/Illuminate/Pipeline/Pipeline.php(219): Illuminate/Foundation/Http/Middleware/VerifyCsrfToken->handle()
#25 C:/Users/gabyr/Downloads/Proyecto web/Proyecto web/gym-app/vendor/laravel/framework/src/Illuminate/View/Middleware/ShareErrorsFromSession.php(48): Illuminate/Pipeline/Pipeline->Illuminate/Pipeline/{closure}()
#26 C:/Users/gabyr/Downloads/Proyecto web/Proyecto web/gym-app/vendor/laravel/framework/src/Illuminate/Pipeline/Pipeline.php(219): Illuminate/View/Middleware/ShareErrorsFromSession->handle()
#27 C:/Users/gabyr/Downloads/Proyecto web/Proyecto web/gym-app/vendor/laravel/framework/src/Illuminate/Session/Middleware/StartSession.php(120): Illuminate/Pipeline/Pipeline->Illuminate/Pipeline/{closure}()
#28 C:/Users/gabyr/Downloads/Proyecto web/Proyecto web/gym-app/vendor/laravel/framework/src/Illuminate/Session/Middleware/StartSession.php(63): Illuminate/Session/Middleware/StartSession->handleStatefulRequest()
#29 C:/Users/gabyr/Downloads/Proyecto web/Proyecto web/gym-app/vendor/laravel/framework/src/Illuminate/Pipeline/Pipeline.php(219): Illuminate/Session/Middleware/StartSession->handle()
#30 C:/Users/gabyr/Downloads/Proyecto web/Proyecto web/gym-app/vendor/laravel/framework/src/Illuminate/Cookie/Middleware/AddQueuedCookiesToResponse.php(36): Illuminate/Pipeline/Pipeline->Illuminate/Pipeline/{closure}()
#31 C:/Users/gabyr/Downloads/Proyecto web/Proyecto web/gym-app/vendor/laravel/framework/src/Illuminate/Pipeline/Pipeline.php(219): Illuminate/Cookie/Middleware/AddQueuedCookiesToResponse->handle()
#32 C:/Users/gabyr/Downloads/Proyecto web/Proyecto web/gym-app/vendor/laravel/framework/src/Illuminate/Cookie/Middleware/EncryptCookies.php(74): Illuminate/Pipeline/Pipeline->Illuminate/Pipeline/{closure}()
#33 C:/Users/gabyr/Downloads/Proyecto web/Proyecto web/gym-app/vendor/laravel/framework/src/Illuminate/Pipeline/Pipeline.php(219): Illuminate/Cookie/Middleware/EncryptCookies->handle()
#34 C:/Users/gabyr/Downloads/Proyecto web/Proyecto web/gym-app/vendor/laravel/framework/src/Illuminate/Pipeline/Pipeline.php(137): Illuminate/Pipeline/Pipeline->Illuminate/Pipeline/{closure}()
#35 C:/Users/gabyr/Downloads/Proyecto web/Proyecto web/gym-app/vendor/laravel/framework/src/Illuminate/Routing/Router.php(821): Illuminate/Pipeline/Pipeline->then()
#36 C:/Users/gabyr/Downloads/Proyecto web/Proyecto web/gym-app/vendor/laravel/framework/src/Illuminate/Routing/Router.php(800): Illuminate/Routing/Router->runRouteWithinStack()
#37 C:/Users/gabyr/Downloads/Proyecto web/Proyecto web/gym-app/vendor/laravel/framework/src/Illuminate/Routing/Router.php(764): Illuminate/Routing/Router->runRoute()
#38 C:/Users/gabyr/Downloads/Proyecto web/Proyecto web/gym-app/vendor/laravel/framework/src/Illuminate/Routing/Router.php(753): Illuminate/Routing/Router->dispatchToRoute()
#39 C:/Users/gabyr/Downloads/Proyecto web/Proyecto web/gym-app/vendor/laravel/framework/src/Illuminate/Foundation/Http/Kernel.php(200): Illuminate/Routing/Router->dispatch()
#40 C:/Users/gabyr/Downloads/Proyecto web/Proyecto web/gym-app/vendor/laravel/framework/src/Illuminate/Pipeline/Pipeline.php(180): Illuminate/Foundation/Http/Kernel->Illuminate/Foundation/Http/{closure}()
#41 C:/Users/gabyr/Downloads/Proyecto web/Proyecto web/gym-app/vendor/laravel/framework/src/Illuminate/Foundation/Http/Middleware/TransformsRequest.php(21): Illuminate/Pipeline/Pipeline->Illuminate/Pipeline/{closure}()
#42 C:/Users/gabyr/Downloads/Proyecto web/Proyecto web/gym-app/vendor/laravel/framework/src/Illuminate/Foundation/Http/Middleware/ConvertEmptyStringsToNull.php(31): Illuminate/Foundation/Http/Middleware/TransformsRequest->handle()
#43 C:/Users/gabyr/Downloads/Proyecto web/Proyecto web/gym-app/vendor/laravel/framework/src/Illuminate/Pipeline/Pipeline.php(219): Illuminate/Foundation/Http/Middleware/ConvertEmptyStringsToNull->handle()
#44 C:/Users/gabyr/Downloads/Proyecto web/Proyecto web/gym-app/vendor/laravel/framework/src/Illuminate/Foundation/Http/Middleware/TransformsRequest.php(21): Illuminate/Pipeline/Pipeline->Illuminate/Pipeline/{closure}()
#45 C:/Users/gabyr/Downloads/Proyecto web/Proyecto web/gym-app/vendor/laravel/framework/src/Illuminate/Foundation/Http/Middleware/TrimStrings.php(51): Illuminate/Foundation/Http/Middleware/TransformsRequest->handle()
#46 C:/Users/gabyr/Downloads/Proyecto web/Proyecto web/gym-app/vendor/laravel/framework/src/Illuminate/Pipeline/Pipeline.php(219): Illuminate/Foundation/Http/Middleware/TrimStrings->handle()
#47 C:/Users/gabyr/Downloads/Proyecto web/Proyecto web/gym-app/vendor/laravel/framework/src/Illuminate/Http/Middleware/ValidatePostSize.php(27): Illuminate/Pipeline/Pipeline->Illuminate/Pipeline/{closure}()
#48 C:/Users/gabyr/Downloads/Proyecto web/Proyecto web/gym-app/vendor/laravel/framework/src/Illuminate/Pipeline/Pipeline.php(219): Illuminate/Http/Middleware/ValidatePostSize->handle()
#49 C:/Users/gabyr/Downloads/Proyecto web/Proyecto web/gym-app/vendor/laravel/framework/src/Illuminate/Foundation/Http/Middleware/PreventRequestsDuringMaintenance.php(109): Illuminate/Pipeline/Pipeline->Illuminate/Pipeline/{closure}()
#50 C:/Users/gabyr/Downloads/Proyecto web/Proyecto web/gym-app/vendor/laravel/framework/src/Illuminate/Pipeline/Pipeline.php(219): Illuminate/Foundation/Http/Middleware/PreventRequestsDuringMaintenance->handle()
#51 C:/Users/gabyr/Downloads/Proyecto web/Proyecto web/gym-app/vendor/laravel/framework/src/Illuminate/Http/Middleware/HandleCors.php(61): Illuminate/Pipeline/Pipeline->Illuminate/Pipeline/{closure}()
#52 C:/Users/gabyr/Downloads/Proyecto web/Proyecto web/gym-app/vendor/laravel/framework/src/Illuminate/Pipeline/Pipeline.php(219): Illuminate/Http/Middleware/HandleCors->handle()
#53 C:/Users/gabyr/Downloads/Proyecto web/Proyecto web/gym-app/vendor/laravel/framework/src/Illuminate/Http/Middleware/TrustProxies.php(58): Illuminate/Pipeline/Pipeline->Illuminate/Pipeline/{closure}()
#54 C:/Users/gabyr/Downloads/Proyecto web/Proyecto web/gym-app/vendor/laravel/framework/src/Illuminate/Pipeline/Pipeline.php(219): Illuminate/Http/Middleware/TrustProxies->handle()
#55 C:/Users/gabyr/Downloads/Proyecto web/Proyecto web/gym-app/vendor/laravel/framework/src/Illuminate/Foundation/Http/Middleware/InvokeDeferredCallbacks.php(22): Illuminate/Pipeline/Pipeline->Illuminate/Pipeline/{closure}()
#56 C:/Users/gabyr/Downloads/Proyecto web/Proyecto web/gym-app/vendor/laravel/framework/src/Illuminate/Pipeline/Pipeline.php(219): Illuminate/Foundation/Http/Middleware/InvokeDeferredCallbacks->handle()
#57 C:/Users/gabyr/Downloads/Proyecto web/Proyecto web/gym-app/vendor/laravel/framework/src/Illuminate/Http/Middleware/ValidatePathEncoding.php(26): Illuminate/Pipeline/Pipeline->Illuminate/Pipeline/{closure}()
#58 C:/Users/gabyr/Downloads/Proyecto web/Proyecto web/gym-app/vendor/laravel/framework/src/Illuminate/Pipeline/Pipeline.php(219): Illuminate/Http/Middleware/ValidatePathEncoding->handle()
#59 C:/Users/gabyr/Downloads/Proyecto web/Proyecto web/gym-app/vendor/laravel/framework/src/Illuminate/Pipeline/Pipeline.php(137): Illuminate/Pipeline/Pipeline->Illuminate/Pipeline/{closure}()
#60 C:/Users/gabyr/Downloads/Proyecto web/Proyecto web/gym-app/vendor/laravel/framework/src/Illuminate/Foundation/Http/Kernel.php(175): Illuminate/Pipeline/Pipeline->then()
#61 C:/Users/gabyr/Downloads/Proyecto web/Proyecto web/gym-app/vendor/laravel/framework/src/Illuminate/Foundation/Http/Kernel.php(144): Illuminate/Foundation/Http/Kernel->sendRequestThroughRouter()
#62 C:/Users/gabyr/Downloads/Proyecto web/Proyecto web/gym-app/vendor/laravel/framework/src/Illuminate/Foundation/Application.php(1220): Illuminate/Foundation/Http/Kernel->handle()
#63 C:/Users/gabyr/Downloads/Proyecto web/Proyecto web/gym-app/public/index.php(20): Illuminate/Foundation/Application->handleRequest()
#64 C:/Users/gabyr/Downloads/Proyecto web/Proyecto web/gym-app/vendor/laravel/framework/src/Illuminate/Foundation/resources/server.php(23): require_once('...')
#65 {main}

[previous exception] [object] (Illuminate\\Foundation\\ViteManifestNotFoundException(code: 0): Vite manifest not found at: C:\\Users\\gabyr\\Downloads\\Proyecto web\\Proyecto web\\gym-app\\public\\build/manifest.json at C:/Users/gabyr/Downloads/Proyecto web/Proyecto web/gym-app/vendor/laravel/framework/src/Illuminate/Foundation/Vite.php:946)
[stacktrace]
#0 C:/Users/gabyr/Downloads/Proyecto web/Proyecto web/gym-app/vendor/laravel/framework/src/Illuminate/Foundation/Vite.php(384): Illuminate/Foundation/Vite->manifest()
#1 C:/Users/gabyr/Downloads/Proyecto web/Proyecto web/gym-app/storage/framework/views/1dfd19f180e26e6ec8760dc091aafe53.php(17): Illuminate/Foundation/Vite->__invoke()
#2 C:/Users/gabyr/Downloads/Proyecto web/Proyecto web/gym-app/vendor/laravel/framework/src/Illuminate/Filesystem/Filesystem.php(123): require('...')
#3 C:/Users/gabyr/Downloads/Proyecto web/Proyecto web/gym-app/vendor/laravel/framework/src/Illuminate/Filesystem/Filesystem.php(124): Illuminate/Filesystem/Filesystem::Illuminate/Filesystem/{closure}()
#4 C:/Users/gabyr/Downloads/Proyecto web/Proyecto web/gym-app/vendor/laravel/framework/src/Illuminate/View/Engines/PhpEngine.php(57): Illuminate/Filesystem/Filesystem->getRequire()
#5 C:/Users/gabyr/Downloads/Proyecto web/Proyecto web/gym-app/vendor/laravel/framework/src/Illuminate/View/Engines/CompilerEngine.php(76): Illuminate/View/Engines/PhpEngine->evaluatePath()
#6 C:/Users/gabyr/Downloads/Proyecto web/Proyecto web/gym-app/vendor/laravel/framework/src/Illuminate/View/View.php(208): Illuminate/View/Engines/CompilerEngine->get()
#7 C:/Users/gabyr/Downloads/Proyecto web/Proyecto web/gym-app/vendor/laravel/framework/src/Illuminate/View/View.php(191): Illuminate/View/View->getContents()
#8 C:/Users/gabyr/Downloads/Proyecto web/Proyecto web/gym-app/vendor/laravel/framework/src/Illuminate/View/View.php(160): Illuminate/View/View->renderContents()
#9 C:/Users/gabyr/Downloads/Proyecto web/Proyecto web/gym-app/storage/framework/views/128cc3c622eece639f85f494092b7348.php(106): Illuminate/View/View->render()
#10 C:/Users/gabyr/Downloads/Proyecto web/Proyecto web/gym-app/vendor/laravel/framework/src/Illuminate/Filesystem/Filesystem.php(123): require('...')
#11 C:/Users/gabyr/Downloads/Proyecto web/Proyecto web/gym-app/vendor/laravel/framework/src/Illuminate/Filesystem/Filesystem.php(124): Illuminate/Filesystem/Filesystem::Illuminate/Filesystem/{closure}()
#12 C:/Users/gabyr/Downloads/Proyecto web/Proyecto web/gym-app/vendor/laravel/framework/src/Illuminate/View/Engines/PhpEngine.php(57): Illuminate/Filesystem/Filesystem->getRequire()
#13 C:/Users/gabyr/Downloads/Proyecto web/Proyecto web/gym-app/vendor/laravel/framework/src/Illuminate/View/Engines/CompilerEngine.php(76): Illuminate/View/Engines/PhpEngine->evaluatePath()
#14 C:/Users/gabyr/Downloads/Proyecto web/Proyecto web/gym-app/vendor/laravel/framework/src/Illuminate/View/View.php(208): Illuminate/View/Engines/CompilerEngine->get()
#15 C:/Users/gabyr/Downloads/Proyecto web/Proyecto web/gym-app/vendor/laravel/framework/src/Illuminate/View/View.php(191): Illuminate/View/View->getContents()
#16 C:/Users/gabyr/Downloads/Proyecto web/Proyecto web/gym-app/vendor/laravel/framework/src/Illuminate/View/View.php(160): Illuminate/View/View->renderContents()
#17 C:/Users/gabyr/Downloads/Proyecto web/Proyecto web/gym-app/vendor/laravel/framework/src/Illuminate/Http/Response.php(78): Illuminate/View/View->render()
#18 C:/Users/gabyr/Downloads/Proyecto web/Proyecto web/gym-app/vendor/laravel/framework/src/Illuminate/Http/Response.php(34): Illuminate/Http/Response->setContent()
#19 C:/Users/gabyr/Downloads/Proyecto web/Proyecto web/gym-app/vendor/laravel/framework/src/Illuminate/Routing/Router.php(939): Illuminate/Http/Response->__construct()
#20 C:/Users/gabyr/Downloads/Proyecto web/Proyecto web/gym-app/vendor/laravel/framework/src/Illuminate/Routing/Router.php(906): Illuminate/Routing/Router::toResponse()
#21 C:/Users/gabyr/Downloads/Proyecto web/Proyecto web/gym-app/vendor/laravel/framework/src/Illuminate/Routing/Router.php(821): Illuminate/Routing/Router->prepareResponse()
#22 C:/Users/gabyr/Downloads/Proyecto web/Proyecto web/gym-app/vendor/laravel/framework/src/Illuminate/Pipeline/Pipeline.php(180): Illuminate/Routing/Router->Illuminate/Routing/{closure}()
#23 C:/Users/gabyr/Downloads/Proyecto web/Proyecto web/gym-app/vendor/laravel/framework/src/Illuminate/Auth/Middleware/RedirectIfAuthenticated.php(47): Illuminate/Pipeline/Pipeline->Illuminate/Pipeline/{closure}()
#24 C:/Users/gabyr/Downloads/Proyecto web/Proyecto web/gym-app/vendor/laravel/framework/src/Illuminate/Pipeline/Pipeline.php(219): Illuminate/Auth/Middleware/RedirectIfAuthenticated->handle()
#25 C:/Users/gabyr/Downloads/Proyecto web/Proyecto web/gym-app/vendor/laravel/framework/src/Illuminate/Routing/Middleware/SubstituteBindings.php(50): Illuminate/Pipeline/Pipeline->Illuminate/Pipeline/{closure}()
#26 C:/Users/gabyr/Downloads/Proyecto web/Proyecto web/gym-app/vendor/laravel/framework/src/Illuminate/Pipeline/Pipeline.php(219): Illuminate/Routing/Middleware/SubstituteBindings->handle()
#27 C:/Users/gabyr/Downloads/Proyecto web/Proyecto web/gym-app/vendor/laravel/framework/src/Illuminate/Foundation/Http/Middleware/VerifyCsrfToken.php(87): Illuminate/Pipeline/Pipeline->Illuminate/Pipeline/{closure}()
#28 C:/Users/gabyr/Downloads/Proyecto web/Proyecto web/gym-app/vendor/laravel/framework/src/Illuminate/Pipeline/Pipeline.php(219): Illuminate/Foundation/Http/Middleware/VerifyCsrfToken->handle()
#29 C:/Users/gabyr/Downloads/Proyecto web/Proyecto web/gym-app/vendor/laravel/framework/src/Illuminate/View/Middleware/ShareErrorsFromSession.php(48): Illuminate/Pipeline/Pipeline->Illuminate/Pipeline/{closure}()
#30 C:/Users/gabyr/Downloads/Proyecto web/Proyecto web/gym-app/vendor/laravel/framework/src/Illuminate/Pipeline/Pipeline.php(219): Illuminate/View/Middleware/ShareErrorsFromSession->handle()
#31 C:/Users/gabyr/Downloads/Proyecto web/Proyecto web/gym-app/vendor/laravel/framework/src/Illuminate/Session/Middleware/StartSession.php(120): Illuminate/Pipeline/Pipeline->Illuminate/Pipeline/{closure}()
#32 C:/Users/gabyr/Downloads/Proyecto web/Proyecto web/gym-app/vendor/laravel/framework/src/Illuminate/Session/Middleware/StartSession.php(63): Illuminate/Session/Middleware/StartSession->handleStatefulRequest()
#33 C:/Users/gabyr/Downloads/Proyecto web/Proyecto web/gym-app/vendor/laravel/framework/src/Illuminate/Pipeline/Pipeline.php(219): Illuminate/Session/Middleware/StartSession->handle()
#34 C:/Users/gabyr/Downloads/Proyecto web/Proyecto web/gym-app/vendor/laravel/framework/src/Illuminate/Cookie/Middleware/AddQueuedCookiesToResponse.php(36): Illuminate/Pipeline/Pipeline->Illuminate/Pipeline/{closure}()
#35 C:/Users/gabyr/Downloads/Proyecto web/Proyecto web/gym-app/vendor/laravel/framework/src/Illuminate/Pipeline/Pipeline.php(219): Illuminate/Cookie/Middleware/AddQueuedCookiesToResponse->handle()
#36 C:/Users/gabyr/Downloads/Proyecto web/Proyecto web/gym-app/vendor/laravel/framework/src/Illuminate/Cookie/Middleware/EncryptCookies.php(74): Illuminate/Pipeline/Pipeline->Illuminate/Pipeline/{closure}()
#37 C:/Users/gabyr/Downloads/Proyecto web/Proyecto web/gym-app/vendor/laravel/framework/src/Illuminate/Pipeline/Pipeline.php(219): Illuminate/Cookie/Middleware/EncryptCookies->handle()
#38 C:/Users/gabyr/Downloads/Proyecto web/Proyecto web/gym-app/vendor/laravel/framework/src/Illuminate/Pipeline/Pipeline.php(137): Illuminate/Pipeline/Pipeline->Illuminate/Pipeline/{closure}()
#39 C:/Users/gabyr/Downloads/Proyecto web/Proyecto web/gym-app/vendor/laravel/framework/src/Illuminate/Routing/Router.php(821): Illuminate/Pipeline/Pipeline->then()
#40 C:/Users/gabyr/Downloads/Proyecto web/Proyecto web/gym-app/vendor/laravel/framework/src/Illuminate/Routing/Router.php(800): Illuminate/Routing/Router->runRouteWithinStack()
#41 C:/Users/gabyr/Downloads/Proyecto web/Proyecto web/gym-app/vendor/laravel/framework/src/Illuminate/Routing/Router.php(764): Illuminate/Routing/Router->runRoute()
#42 C:/Users/gabyr/Downloads/Proyecto web/Proyecto web/gym-app/vendor/laravel/framework/src/Illuminate/Routing/Router.php(753): Illuminate/Routing/Router->dispatchToRoute()
#43 C:/Users/gabyr/Downloads/Proyecto web/Proyecto web/gym-app/vendor/laravel/framework/src/Illuminate/Foundation/Http/Kernel.php(200): Illuminate/Routing/Router->dispatch()
#44 C:/Users/gabyr/Downloads/Proyecto web/Proyecto web/gym-app/vendor/laravel/framework/src/Illuminate/Pipeline/Pipeline.php(180): Illuminate/Foundation/Http/Kernel->Illuminate/Foundation/Http/{closure}()
#45 C:/Users/gabyr/Downloads/Proyecto web/Proyecto web/gym-app/vendor/laravel/framework/src/Illuminate/Foundation/Http/Middleware/TransformsRequest.php(21): Illuminate/Pipeline/Pipeline->Illuminate/Pipeline/{closure}()
#46 C:/Users/gabyr/Downloads/Proyecto web/Proyecto web/gym-app/vendor/laravel/framework/src/Illuminate/Foundation/Http/Middleware/ConvertEmptyStringsToNull.php(31): Illuminate/Foundation/Http/Middleware/TransformsRequest->handle()
#47 C:/Users/gabyr/Downloads/Proyecto web/Proyecto web/gym-app/vendor/laravel/framework/src/Illuminate/Pipeline/Pipeline.php(219): Illuminate/Foundation/Http/Middleware/ConvertEmptyStringsToNull->handle()
#48 C:/Users/gabyr/Downloads/Proyecto web/Proyecto web/gym-app/vendor/laravel/framework/src/Illuminate/Foundation/Http/Middleware/TransformsRequest.php(21): Illuminate/Pipeline/Pipeline->Illuminate/Pipeline/{closure}()
#49 C:/Users/gabyr/Downloads/Proyecto web/Proyecto web/gym-app/vendor/laravel/framework/src/Illuminate/Foundation/Http/Middleware/TrimStrings.php(51): Illuminate/Foundation/Http/Middleware/TransformsRequest->handle()
#50 C:/Users/gabyr/Downloads/Proyecto web/Proyecto web/gym-app/vendor/laravel/framework/src/Illuminate/Pipeline/Pipeline.php(219): Illuminate/Foundation/Http/Middleware/TrimStrings->handle()
#51 C:/Users/gabyr/Downloads/Proyecto web/Proyecto web/gym-app/vendor/laravel/framework/src/Illuminate/Http/Middleware/ValidatePostSize.php(27): Illuminate/Pipeline/Pipeline->Illuminate/Pipeline/{closure}()
#52 C:/Users/gabyr/Downloads/Proyecto web/Proyecto web/gym-app/vendor/laravel/framework/src/Illuminate/Pipeline/Pipeline.php(219): Illuminate/Http/Middleware/ValidatePostSize->handle()
#53 C:/Users/gabyr/Downloads/Proyecto web/Proyecto web/gym-app/vendor/laravel/framework/src/Illuminate/Foundation/Http/Middleware/PreventRequestsDuringMaintenance.php(109): Illuminate/Pipeline/Pipeline->Illuminate/Pipeline/{closure}()
#54 C:/Users/gabyr/Downloads/Proyecto web/Proyecto web/gym-app/vendor/laravel/framework/src/Illuminate/Pipeline/Pipeline.php(219): Illuminate/Foundation/Http/Middleware/PreventRequestsDuringMaintenance->handle()
#55 C:/Users/gabyr/Downloads/Proyecto web/Proyecto web/gym-app/vendor/laravel/framework/src/Illuminate/Http/Middleware/HandleCors.php(61): Illuminate/Pipeline/Pipeline->Illuminate/Pipeline/{closure}()
#56 C:/Users/gabyr/Downloads/Proyecto web/Proyecto web/gym-app/vendor/laravel/framework/src/Illuminate/Pipeline/Pipeline.php(219): Illuminate/Http/Middleware/HandleCors->handle()
#57 C:/Users/gabyr/Downloads/Proyecto web/Proyecto web/gym-app/vendor/laravel/framework/src/Illuminate/Http/Middleware/TrustProxies.php(58): Illuminate/Pipeline/Pipeline->Illuminate/Pipeline/{closure}()
#58 C:/Users/gabyr/Downloads/Proyecto web/Proyecto web/gym-app/vendor/laravel/framework/src/Illuminate/Pipeline/Pipeline.php(219): Illuminate/Http/Middleware/TrustProxies->handle()
#59 C:/Users/gabyr/Downloads/Proyecto web/Proyecto web/gym-app/vendor/laravel/framework/src/Illuminate/Foundation/Http/Middleware/InvokeDeferredCallbacks.php(22): Illuminate/Pipeline/Pipeline->Illuminate/Pipeline/{closure}()
#60 C:/Users/gabyr/Downloads/Proyecto web/Proyecto web/gym-app/vendor/laravel/framework/src/Illuminate/Pipeline/Pipeline.php(219): Illuminate/Foundation/Http/Middleware/InvokeDeferredCallbacks->handle()
#61 C:/Users/gabyr/Downloads/Proyecto web/Proyecto web/gym-app/vendor/laravel/framework/src/Illuminate/Http/Middleware/ValidatePathEncoding.php(26): Illuminate/Pipeline/Pipeline->Illuminate/Pipeline/{closure}()
#62 C:/Users/gabyr/Downloads/Proyecto web/Proyecto web/gym-app/vendor/laravel/framework/src/Illuminate/Pipeline/Pipeline.php(219): Illuminate/Http/Middleware/ValidatePathEncoding->handle()
#63 C:/Users/gabyr/Downloads/Proyecto web/Proyecto web/gym-app/vendor/laravel/framework/src/Illuminate/Pipeline/Pipeline.php(137): Illuminate/Pipeline/Pipeline->Illuminate/Pipeline/{closure}()
#64 C:/Users/gabyr/Downloads/Proyecto web/Proyecto web/gym-app/vendor/laravel/framework/src/Illuminate/Foundation/Http/Kernel.php(175): Illuminate/Pipeline/Pipeline->then()
#65 C:/Users/gabyr/Downloads/Proyecto web/Proyecto web/gym-app/vendor/laravel/framework/src/Illuminate/Foundation/Http/Kernel.php(144): Illuminate/Foundation/Http/Kernel->sendRequestThroughRouter()
#66 C:/Users/gabyr/Downloads/Proyecto web/Proyecto web/gym-app/vendor/laravel/framework/src/Illuminate/Foundation/Application.php(1220): Illuminate/Foundation/Http/Kernel->handle()
#67 C:/Users/gabyr/Downloads/Proyecto web/Proyecto web/gym-app/public/index.php(20): Illuminate/Foundation/Application->handleRequest()
#68 C:/Users/gabyr/Downloads/Proyecto web/Proyecto web/gym-app/vendor/laravel/framework/src/Illuminate/Foundation/resources/server.php(23): require_once('...')
#69 {main}
"} 
[2026-05-25 03:44:10] local.ERROR: Vite manifest not found at: C:\Users\gabyr\Downloads\Proyecto web\Proyecto web\gym-app\public\build/manifest.json (View: C:\Users\gabyr\Downloads\Proyecto web\Proyecto web\gym-app\resources\views\layouts\app.blade.php) (View: C:\Users\gabyr\Downloads\Proyecto web\Proyecto web\gym-app\resources\views\layouts\app.blade.php) {"exception":"[object] (Illuminate\\View\\ViewException(code: 0): Vite manifest not found at: C:\\Users\\gabyr\\Downloads\\Proyecto web\\Proyecto web\\gym-app\\public\\build/manifest.json (View: C:\\Users\\gabyr\\Downloads\\Proyecto web\\Proyecto web\\gym-app\\resources\\views\\layouts\\app.blade.php) (View: C:\\Users\\gabyr\\Downloads\\Proyecto web\\Proyecto web\\gym-app\\resources\\views\\layouts\\app.blade.php) at C:/Users/gabyr/Downloads/Proyecto web/Proyecto web/gym-app/vendor/laravel/framework/src/Illuminate/Foundation/Vite.php:946)
[stacktrace]
#0 C:/Users/gabyr/Downloads/Proyecto web/Proyecto web/gym-app/vendor/laravel/framework/src/Illuminate/View/Engines/PhpEngine.php(59): Illuminate/View/Engines/CompilerEngine->handleViewException()
#1 C:/Users/gabyr/Downloads/Proyecto web/Proyecto web/gym-app/vendor/laravel/framework/src/Illuminate/View/Engines/CompilerEngine.php(76): Illuminate/View/Engines/PhpEngine->evaluatePath()
#2 C:/Users/gabyr/Downloads/Proyecto web/Proyecto web/gym-app/vendor/laravel/framework/src/Illuminate/View/View.php(208): Illuminate/View/Engines/CompilerEngine->get()
#3 C:/Users/gabyr/Downloads/Proyecto web/Proyecto web/gym-app/vendor/laravel/framework/src/Illuminate/View/View.php(191): Illuminate/View/View->getContents()
#4 C:/Users/gabyr/Downloads/Proyecto web/Proyecto web/gym-app/vendor/laravel/framework/src/Illuminate/View/View.php(160): Illuminate/View/View->renderContents()
#5 C:/Users/gabyr/Downloads/Proyecto web/Proyecto web/gym-app/vendor/laravel/framework/src/Illuminate/Http/Response.php(78): Illuminate/View/View->render()
#6 C:/Users/gabyr/Downloads/Proyecto web/Proyecto web/gym-app/vendor/laravel/framework/src/Illuminate/Http/Response.php(34): Illuminate/Http/Response->setContent()
#7 C:/Users/gabyr/Downloads/Proyecto web/Proyecto web/gym-app/vendor/laravel/framework/src/Illuminate/Routing/Router.php(939): Illuminate/Http/Response->__construct()
#8 C:/Users/gabyr/Downloads/Proyecto web/Proyecto web/gym-app/vendor/laravel/framework/src/Illuminate/Routing/Router.php(906): Illuminate/Routing/Router::toResponse()
#9 C:/Users/gabyr/Downloads/Proyecto web/Proyecto web/gym-app/vendor/laravel/framework/src/Illuminate/Routing/Router.php(821): Illuminate/Routing/Router->prepareResponse()
#10 C:/Users/gabyr/Downloads/Proyecto web/Proyecto web/gym-app/vendor/laravel/framework/src/Illuminate/Pipeline/Pipeline.php(180): Illuminate/Routing/Router->Illuminate/Routing/{closure}()
#11 C:/Users/gabyr/Downloads/Proyecto web/Proyecto web/gym-app/vendor/laravel/framework/src/Illuminate/Auth/Middleware/RedirectIfAuthenticated.php(47): Illuminate/Pipeline/Pipeline->Illuminate/Pipeline/{closure}()
#12 C:/Users/gabyr/Downloads/Proyecto web/Proyecto web/gym-app/vendor/laravel/framework/src/Illuminate/Pipeline/Pipeline.php(219): Illuminate/Auth/Middleware/RedirectIfAuthenticated->handle()
#13 C:/Users/gabyr/Downloads/Proyecto web/Proyecto web/gym-app/vendor/laravel/framework/src/Illuminate/Routing/Middleware/SubstituteBindings.php(50): Illuminate/Pipeline/Pipeline->Illuminate/Pipeline/{closure}()
#14 C:/Users/gabyr/Downloads/Proyecto web/Proyecto web/gym-app/vendor/laravel/framework/src/Illuminate/Pipeline/Pipeline.php(219): Illuminate/Routing/Middleware/SubstituteBindings->handle()
#15 C:/Users/gabyr/Downloads/Proyecto web/Proyecto web/gym-app/vendor/laravel/framework/src/Illuminate/Foundation/Http/Middleware/VerifyCsrfToken.php(87): Illuminate/Pipeline/Pipeline->Illuminate/Pipeline/{closure}()
#16 C:/Users/gabyr/Downloads/Proyecto web/Proyecto web/gym-app/vendor/laravel/framework/src/Illuminate/Pipeline/Pipeline.php(219): Illuminate/Foundation/Http/Middleware/VerifyCsrfToken->handle()
#17 C:/Users/gabyr/Downloads/Proyecto web/Proyecto web/gym-app/vendor/laravel/framework/src/Illuminate/View/Middleware/ShareErrorsFromSession.php(48): Illuminate/Pipeline/Pipeline->Illuminate/Pipeline/{closure}()
#18 C:/Users/gabyr/Downloads/Proyecto web/Proyecto web/gym-app/vendor/laravel/framework/src/Illuminate/Pipeline/Pipeline.php(219): Illuminate/View/Middleware/ShareErrorsFromSession->handle()
#19 C:/Users/gabyr/Downloads/Proyecto web/Proyecto web/gym-app/vendor/laravel/framework/src/Illuminate/Session/Middleware/StartSession.php(120): Illuminate/Pipeline/Pipeline->Illuminate/Pipeline/{closure}()
#20 C:/Users/gabyr/Downloads/Proyecto web/Proyecto web/gym-app/vendor/laravel/framework/src/Illuminate/Session/Middleware/StartSession.php(63): Illuminate/Session/Middleware/StartSession->handleStatefulRequest()
#21 C:/Users/gabyr/Downloads/Proyecto web/Proyecto web/gym-app/vendor/laravel/framework/src/Illuminate/Pipeline/Pipeline.php(219): Illuminate/Session/Middleware/StartSession->handle()
#22 C:/Users/gabyr/Downloads/Proyecto web/Proyecto web/gym-app/vendor/laravel/framework/src/Illuminate/Cookie/Middleware/AddQueuedCookiesToResponse.php(36): Illuminate/Pipeline/Pipeline->Illuminate/Pipeline/{closure}()
#23 C:/Users/gabyr/Downloads/Proyecto web/Proyecto web/gym-app/vendor/laravel/framework/src/Illuminate/Pipeline/Pipeline.php(219): Illuminate/Cookie/Middleware/AddQueuedCookiesToResponse->handle()
#24 C:/Users/gabyr/Downloads/Proyecto web/Proyecto web/gym-app/vendor/laravel/framework/src/Illuminate/Cookie/Middleware/EncryptCookies.php(74): Illuminate/Pipeline/Pipeline->Illuminate/Pipeline/{closure}()
#25 C:/Users/gabyr/Downloads/Proyecto web/Proyecto web/gym-app/vendor/laravel/framework/src/Illuminate/Pipeline/Pipeline.php(219): Illuminate/Cookie/Middleware/EncryptCookies->handle()
#26 C:/Users/gabyr/Downloads/Proyecto web/Proyecto web/gym-app/vendor/laravel/framework/src/Illuminate/Pipeline/Pipeline.php(137): Illuminate/Pipeline/Pipeline->Illuminate/Pipeline/{closure}()
#27 C:/Users/gabyr/Downloads/Proyecto web/Proyecto web/gym-app/vendor/laravel/framework/src/Illuminate/Routing/Router.php(821): Illuminate/Pipeline/Pipeline->then()
#28 C:/Users/gabyr/Downloads/Proyecto web/Proyecto web/gym-app/vendor/laravel/framework/src/Illuminate/Routing/Router.php(800): Illuminate/Routing/Router->runRouteWithinStack()
#29 C:/Users/gabyr/Downloads/Proyecto web/Proyecto web/gym-app/vendor/laravel/framework/src/Illuminate/Routing/Router.php(764): Illuminate/Routing/Router->runRoute()
#30 C:/Users/gabyr/Downloads/Proyecto web/Proyecto web/gym-app/vendor/laravel/framework/src/Illuminate/Routing/Router.php(753): Illuminate/Routing/Router->dispatchToRoute()
#31 C:/Users/gabyr/Downloads/Proyecto web/Proyecto web/gym-app/vendor/laravel/framework/src/Illuminate/Foundation/Http/Kernel.php(200): Illuminate/Routing/Router->dispatch()
#32 C:/Users/gabyr/Downloads/Proyecto web/Proyecto web/gym-app/vendor/laravel/framework/src/Illuminate/Pipeline/Pipeline.php(180): Illuminate/Foundation/Http/Kernel->Illuminate/Foundation/Http/{closure}()
#33 C:/Users/gabyr/Downloads/Proyecto web/Proyecto web/gym-app/vendor/laravel/framework/src/Illuminate/Foundation/Http/Middleware/TransformsRequest.php(21): Illuminate/Pipeline/Pipeline->Illuminate/Pipeline/{closure}()
#34 C:/Users/gabyr/Downloads/Proyecto web/Proyecto web/gym-app/vendor/laravel/framework/src/Illuminate/Foundation/Http/Middleware/ConvertEmptyStringsToNull.php(31): Illuminate/Foundation/Http/Middleware/TransformsRequest->handle()
#35 C:/Users/gabyr/Downloads/Proyecto web/Proyecto web/gym-app/vendor/laravel/framework/src/Illuminate/Pipeline/Pipeline.php(219): Illuminate/Foundation/Http/Middleware/ConvertEmptyStringsToNull->handle()
#36 C:/Users/gabyr/Downloads/Proyecto web/Proyecto web/gym-app/vendor/laravel/framework/src/Illuminate/Foundation/Http/Middleware/TransformsRequest.php(21): Illuminate/Pipeline/Pipeline->Illuminate/Pipeline/{closure}()
#37 C:/Users/gabyr/Downloads/Proyecto web/Proyecto web/gym-app/vendor/laravel/framework/src/Illuminate/Foundation/Http/Middleware/TrimStrings.php(51): Illuminate/Foundation/Http/Middleware/TransformsRequest->handle()
#38 C:/Users/gabyr/Downloads/Proyecto web/Proyecto web/gym-app/vendor/laravel/framework/src/Illuminate/Pipeline/Pipeline.php(219): Illuminate/Foundation/Http/Middleware/TrimStrings->handle()
#39 C:/Users/gabyr/Downloads/Proyecto web/Proyecto web/gym-app/vendor/laravel/framework/src/Illuminate/Http/Middleware/ValidatePostSize.php(27): Illuminate/Pipeline/Pipeline->Illuminate/Pipeline/{closure}()
#40 C:/Users/gabyr/Downloads/Proyecto web/Proyecto web/gym-app/vendor/laravel/framework/src/Illuminate/Pipeline/Pipeline.php(219): Illuminate/Http/Middleware/ValidatePostSize->handle()
#41 C:/Users/gabyr/Downloads/Proyecto web/Proyecto web/gym-app/vendor/laravel/framework/src/Illuminate/Foundation/Http/Middleware/PreventRequestsDuringMaintenance.php(109): Illuminate/Pipeline/Pipeline->Illuminate/Pipeline/{closure}()
#42 C:/Users/gabyr/Downloads/Proyecto web/Proyecto web/gym-app/vendor/laravel/framework/src/Illuminate/Pipeline/Pipeline.php(219): Illuminate/Foundation/Http/Middleware/PreventRequestsDuringMaintenance->handle()
#43 C:/Users/gabyr/Downloads/Proyecto web/Proyecto web/gym-app/vendor/laravel/framework/src/Illuminate/Http/Middleware/HandleCors.php(61): Illuminate/Pipeline/Pipeline->Illuminate/Pipeline/{closure}()
#44 C:/Users/gabyr/Downloads/Proyecto web/Proyecto web/gym-app/vendor/laravel/framework/src/Illuminate/Pipeline/Pipeline.php(219): Illuminate/Http/Middleware/HandleCors->handle()
#45 C:/Users/gabyr/Downloads/Proyecto web/Proyecto web/gym-app/vendor/laravel/framework/src/Illuminate/Http/Middleware/TrustProxies.php(58): Illuminate/Pipeline/Pipeline->Illuminate/Pipeline/{closure}()
#46 C:/Users/gabyr/Downloads/Proyecto web/Proyecto web/gym-app/vendor/laravel/framework/src/Illuminate/Pipeline/Pipeline.php(219): Illuminate/Http/Middleware/TrustProxies->handle()
#47 C:/Users/gabyr/Downloads/Proyecto web/Proyecto web/gym-app/vendor/laravel/framework/src/Illuminate/Foundation/Http/Middleware/InvokeDeferredCallbacks.php(22): Illuminate/Pipeline/Pipeline->Illuminate/Pipeline/{closure}()
#48 C:/Users/gabyr/Downloads/Proyecto web/Proyecto web/gym-app/vendor/laravel/framework/src/Illuminate/Pipeline/Pipeline.php(219): Illuminate/Foundation/Http/Middleware/InvokeDeferredCallbacks->handle()
#49 C:/Users/gabyr/Downloads/Proyecto web/Proyecto web/gym-app/vendor/laravel/framework/src/Illuminate/Http/Middleware/ValidatePathEncoding.php(26): Illuminate/Pipeline/Pipeline->Illuminate/Pipeline/{closure}()
#50 C:/Users/gabyr/Downloads/Proyecto web/Proyecto web/gym-app/vendor/laravel/framework/src/Illuminate/Pipeline/Pipeline.php(219): Illuminate/Http/Middleware/ValidatePathEncoding->handle()
#51 C:/Users/gabyr/Downloads/Proyecto web/Proyecto web/gym-app/vendor/laravel/framework/src/Illuminate/Pipeline/Pipeline.php(137): Illuminate/Pipeline/Pipeline->Illuminate/Pipeline/{closure}()
#52 C:/Users/gabyr/Downloads/Proyecto web/Proyecto web/gym-app/vendor/laravel/framework/src/Illuminate/Foundation/Http/Kernel.php(175): Illuminate/Pipeline/Pipeline->then()
#53 C:/Users/gabyr/Downloads/Proyecto web/Proyecto web/gym-app/vendor/laravel/framework/src/Illuminate/Foundation/Http/Kernel.php(144): Illuminate/Foundation/Http/Kernel->sendRequestThroughRouter()
#54 C:/Users/gabyr/Downloads/Proyecto web/Proyecto web/gym-app/vendor/laravel/framework/src/Illuminate/Foundation/Application.php(1220): Illuminate/Foundation/Http/Kernel->handle()
#55 C:/Users/gabyr/Downloads/Proyecto web/Proyecto web/gym-app/public/index.php(20): Illuminate/Foundation/Application->handleRequest()
#56 C:/Users/gabyr/Downloads/Proyecto web/Proyecto web/gym-app/vendor/laravel/framework/src/Illuminate/Foundation/resources/server.php(23): require_once('...')
#57 {main}

[previous exception] [object] (Illuminate\\View\\ViewException(code: 0): Vite manifest not found at: C:\\Users\\gabyr\\Downloads\\Proyecto web\\Proyecto web\\gym-app\\public\\build/manifest.json (View: C:\\Users\\gabyr\\Downloads\\Proyecto web\\Proyecto web\\gym-app\\resources\\views\\layouts\\app.blade.php) at C:/Users/gabyr/Downloads/Proyecto web/Proyecto web/gym-app/vendor/laravel/framework/src/Illuminate/Foundation/Vite.php:946)
[stacktrace]
#0 C:/Users/gabyr/Downloads/Proyecto web/Proyecto web/gym-app/vendor/laravel/framework/src/Illuminate/View/Engines/PhpEngine.php(59): Illuminate/View/Engines/CompilerEngine->handleViewException()
#1 C:/Users/gabyr/Downloads/Proyecto web/Proyecto web/gym-app/vendor/laravel/framework/src/Illuminate/View/Engines/CompilerEngine.php(76): Illuminate/View/Engines/PhpEngine->evaluatePath()
#2 C:/Users/gabyr/Downloads/Proyecto web/Proyecto web/gym-app/vendor/laravel/framework/src/Illuminate/View/View.php(208): Illuminate/View/Engines/CompilerEngine->get()
#3 C:/Users/gabyr/Downloads/Proyecto web/Proyecto web/gym-app/vendor/laravel/framework/src/Illuminate/View/View.php(191): Illuminate/View/View->getContents()
#4 C:/Users/gabyr/Downloads/Proyecto web/Proyecto web/gym-app/vendor/laravel/framework/src/Illuminate/View/View.php(160): Illuminate/View/View->renderContents()
#5 C:/Users/gabyr/Downloads/Proyecto web/Proyecto web/gym-app/storage/framework/views/128cc3c622eece639f85f494092b7348.php(106): Illuminate/View/View->render()
#6 C:/Users/gabyr/Downloads/Proyecto web/Proyecto web/gym-app/vendor/laravel/framework/src/Illuminate/Filesystem/Filesystem.php(123): require('...')
#7 C:/Users/gabyr/Downloads/Proyecto web/Proyecto web/gym-app/vendor/laravel/framework/src/Illuminate/Filesystem/Filesystem.php(124): Illuminate/Filesystem/Filesystem::Illuminate/Filesystem/{closure}()
#8 C:/Users/gabyr/Downloads/Proyecto web/Proyecto web/gym-app/vendor/laravel/framework/src/Illuminate/View/Engines/PhpEngine.php(57): Illuminate/Filesystem/Filesystem->getRequire()
#9 C:/Users/gabyr/Downloads/Proyecto web/Proyecto web/gym-app/vendor/laravel/framework/src/Illuminate/View/Engines/CompilerEngine.php(76): Illuminate/View/Engines/PhpEngine->evaluatePath()
#10 C:/Users/gabyr/Downloads/Proyecto web/Proyecto web/gym-app/vendor/laravel/framework/src/Illuminate/View/View.php(208): Illuminate/View/Engines/CompilerEngine->get()
#11 C:/Users/gabyr/Downloads/Proyecto web/Proyecto web/gym-app/vendor/laravel/framework/src/Illuminate/View/View.php(191): Illuminate/View/View->getContents()
#12 C:/Users/gabyr/Downloads/Proyecto web/Proyecto web/gym-app/vendor/laravel/framework/src/Illuminate/View/View.php(160): Illuminate/View/View->renderContents()
#13 C:/Users/gabyr/Downloads/Proyecto web/Proyecto web/gym-app/vendor/laravel/framework/src/Illuminate/Http/Response.php(78): Illuminate/View/View->render()
#14 C:/Users/gabyr/Downloads/Proyecto web/Proyecto web/gym-app/vendor/laravel/framework/src/Illuminate/Http/Response.php(34): Illuminate/Http/Response->setContent()
#15 C:/Users/gabyr/Downloads/Proyecto web/Proyecto web/gym-app/vendor/laravel/framework/src/Illuminate/Routing/Router.php(939): Illuminate/Http/Response->__construct()
#16 C:/Users/gabyr/Downloads/Proyecto web/Proyecto web/gym-app/vendor/laravel/framework/src/Illuminate/Routing/Router.php(906): Illuminate/Routing/Router::toResponse()
#17 C:/Users/gabyr/Downloads/Proyecto web/Proyecto web/gym-app/vendor/laravel/framework/src/Illuminate/Routing/Router.php(821): Illuminate/Routing/Router->prepareResponse()
#18 C:/Users/gabyr/Downloads/Proyecto web/Proyecto web/gym-app/vendor/laravel/framework/src/Illuminate/Pipeline/Pipeline.php(180): Illuminate/Routing/Router->Illuminate/Routing/{closure}()
#19 C:/Users/gabyr/Downloads/Proyecto web/Proyecto web/gym-app/vendor/laravel/framework/src/Illuminate/Auth/Middleware/RedirectIfAuthenticated.php(47): Illuminate/Pipeline/Pipeline->Illuminate/Pipeline/{closure}()
#20 C:/Users/gabyr/Downloads/Proyecto web/Proyecto web/gym-app/vendor/laravel/framework/src/Illuminate/Pipeline/Pipeline.php(219): Illuminate/Auth/Middleware/RedirectIfAuthenticated->handle()
#21 C:/Users/gabyr/Downloads/Proyecto web/Proyecto web/gym-app/vendor/laravel/framework/src/Illuminate/Routing/Middleware/SubstituteBindings.php(50): Illuminate/Pipeline/Pipeline->Illuminate/Pipeline/{closure}()
#22 C:/Users/gabyr/Downloads/Proyecto web/Proyecto web/gym-app/vendor/laravel/framework/src/Illuminate/Pipeline/Pipeline.php(219): Illuminate/Routing/Middleware/SubstituteBindings->handle()
#23 C:/Users/gabyr/Downloads/Proyecto web/Proyecto web/gym-app/vendor/laravel/framework/src/Illuminate/Foundation/Http/Middleware/VerifyCsrfToken.php(87): Illuminate/Pipeline/Pipeline->Illuminate/Pipeline/{closure}()
#24 C:/Users/gabyr/Downloads/Proyecto web/Proyecto web/gym-app/vendor/laravel/framework/src/Illuminate/Pipeline/Pipeline.php(219): Illuminate/Foundation/Http/Middleware/VerifyCsrfToken->handle()
#25 C:/Users/gabyr/Downloads/Proyecto web/Proyecto web/gym-app/vendor/laravel/framework/src/Illuminate/View/Middleware/ShareErrorsFromSession.php(48): Illuminate/Pipeline/Pipeline->Illuminate/Pipeline/{closure}()
#26 C:/Users/gabyr/Downloads/Proyecto web/Proyecto web/gym-app/vendor/laravel/framework/src/Illuminate/Pipeline/Pipeline.php(219): Illuminate/View/Middleware/ShareErrorsFromSession->handle()
#27 C:/Users/gabyr/Downloads/Proyecto web/Proyecto web/gym-app/vendor/laravel/framework/src/Illuminate/Session/Middleware/StartSession.php(120): Illuminate/Pipeline/Pipeline->Illuminate/Pipeline/{closure}()
#28 C:/Users/gabyr/Downloads/Proyecto web/Proyecto web/gym-app/vendor/laravel/framework/src/Illuminate/Session/Middleware/StartSession.php(63): Illuminate/Session/Middleware/StartSession->handleStatefulRequest()
#29 C:/Users/gabyr/Downloads/Proyecto web/Proyecto web/gym-app/vendor/laravel/framework/src/Illuminate/Pipeline/Pipeline.php(219): Illuminate/Session/Middleware/StartSession->handle()
#30 C:/Users/gabyr/Downloads/Proyecto web/Proyecto web/gym-app/vendor/laravel/framework/src/Illuminate/Cookie/Middleware/AddQueuedCookiesToResponse.php(36): Illuminate/Pipeline/Pipeline->Illuminate/Pipeline/{closure}()
#31 C:/Users/gabyr/Downloads/Proyecto web/Proyecto web/gym-app/vendor/laravel/framework/src/Illuminate/Pipeline/Pipeline.php(219): Illuminate/Cookie/Middleware/AddQueuedCookiesToResponse->handle()
#32 C:/Users/gabyr/Downloads/Proyecto web/Proyecto web/gym-app/vendor/laravel/framework/src/Illuminate/Cookie/Middleware/EncryptCookies.php(74): Illuminate/Pipeline/Pipeline->Illuminate/Pipeline/{closure}()
#33 C:/Users/gabyr/Downloads/Proyecto web/Proyecto web/gym-app/vendor/laravel/framework/src/Illuminate/Pipeline/Pipeline.php(219): Illuminate/Cookie/Middleware/EncryptCookies->handle()
#34 C:/Users/gabyr/Downloads/Proyecto web/Proyecto web/gym-app/vendor/laravel/framework/src/Illuminate/Pipeline/Pipeline.php(137): Illuminate/Pipeline/Pipeline->Illuminate/Pipeline/{closure}()
#35 C:/Users/gabyr/Downloads/Proyecto web/Proyecto web/gym-app/vendor/laravel/framework/src/Illuminate/Routing/Router.php(821): Illuminate/Pipeline/Pipeline->then()
#36 C:/Users/gabyr/Downloads/Proyecto web/Proyecto web/gym-app/vendor/laravel/framework/src/Illuminate/Routing/Router.php(800): Illuminate/Routing/Router->runRouteWithinStack()
#37 C:/Users/gabyr/Downloads/Proyecto web/Proyecto web/gym-app/vendor/laravel/framework/src/Illuminate/Routing/Router.php(764): Illuminate/Routing/Router->runRoute()
#38 C:/Users/gabyr/Downloads/Proyecto web/Proyecto web/gym-app/vendor/laravel/framework/src/Illuminate/Routing/Router.php(753): Illuminate/Routing/Router->dispatchToRoute()
#39 C:/Users/gabyr/Downloads/Proyecto web/Proyecto web/gym-app/vendor/laravel/framework/src/Illuminate/Foundation/Http/Kernel.php(200): Illuminate/Routing/Router->dispatch()
#40 C:/Users/gabyr/Downloads/Proyecto web/Proyecto web/gym-app/vendor/laravel/framework/src/Illuminate/Pipeline/Pipeline.php(180): Illuminate/Foundation/Http/Kernel->Illuminate/Foundation/Http/{closure}()
#41 C:/Users/gabyr/Downloads/Proyecto web/Proyecto web/gym-app/vendor/laravel/framework/src/Illuminate/Foundation/Http/Middleware/TransformsRequest.php(21): Illuminate/Pipeline/Pipeline->Illuminate/Pipeline/{closure}()
#42 C:/Users/gabyr/Downloads/Proyecto web/Proyecto web/gym-app/vendor/laravel/framework/src/Illuminate/Foundation/Http/Middleware/ConvertEmptyStringsToNull.php(31): Illuminate/Foundation/Http/Middleware/TransformsRequest->handle()
#43 C:/Users/gabyr/Downloads/Proyecto web/Proyecto web/gym-app/vendor/laravel/framework/src/Illuminate/Pipeline/Pipeline.php(219): Illuminate/Foundation/Http/Middleware/ConvertEmptyStringsToNull->handle()
#44 C:/Users/gabyr/Downloads/Proyecto web/Proyecto web/gym-app/vendor/laravel/framework/src/Illuminate/Foundation/Http/Middleware/TransformsRequest.php(21): Illuminate/Pipeline/Pipeline->Illuminate/Pipeline/{closure}()
#45 C:/Users/gabyr/Downloads/Proyecto web/Proyecto web/gym-app/vendor/laravel/framework/src/Illuminate/Foundation/Http/Middleware/TrimStrings.php(51): Illuminate/Foundation/Http/Middleware/TransformsRequest->handle()
#46 C:/Users/gabyr/Downloads/Proyecto web/Proyecto web/gym-app/vendor/laravel/framework/src/Illuminate/Pipeline/Pipeline.php(219): Illuminate/Foundation/Http/Middleware/TrimStrings->handle()
#47 C:/Users/gabyr/Downloads/Proyecto web/Proyecto web/gym-app/vendor/laravel/framework/src/Illuminate/Http/Middleware/ValidatePostSize.php(27): Illuminate/Pipeline/Pipeline->Illuminate/Pipeline/{closure}()
#48 C:/Users/gabyr/Downloads/Proyecto web/Proyecto web/gym-app/vendor/laravel/framework/src/Illuminate/Pipeline/Pipeline.php(219): Illuminate/Http/Middleware/ValidatePostSize->handle()
#49 C:/Users/gabyr/Downloads/Proyecto web/Proyecto web/gym-app/vendor/laravel/framework/src/Illuminate/Foundation/Http/Middleware/PreventRequestsDuringMaintenance.php(109): Illuminate/Pipeline/Pipeline->Illuminate/Pipeline/{closure}()
#50 C:/Users/gabyr/Downloads/Proyecto web/Proyecto web/gym-app/vendor/laravel/framework/src/Illuminate/Pipeline/Pipeline.php(219): Illuminate/Foundation/Http/Middleware/PreventRequestsDuringMaintenance->handle()
#51 C:/Users/gabyr/Downloads/Proyecto web/Proyecto web/gym-app/vendor/laravel/framework/src/Illuminate/Http/Middleware/HandleCors.php(61): Illuminate/Pipeline/Pipeline->Illuminate/Pipeline/{closure}()
#52 C:/Users/gabyr/Downloads/Proyecto web/Proyecto web/gym-app/vendor/laravel/framework/src/Illuminate/Pipeline/Pipeline.php(219): Illuminate/Http/Middleware/HandleCors->handle()
#53 C:/Users/gabyr/Downloads/Proyecto web/Proyecto web/gym-app/vendor/laravel/framework/src/Illuminate/Http/Middleware/TrustProxies.php(58): Illuminate/Pipeline/Pipeline->Illuminate/Pipeline/{closure}()
#54 C:/Users/gabyr/Downloads/Proyecto web/Proyecto web/gym-app/vendor/laravel/framework/src/Illuminate/Pipeline/Pipeline.php(219): Illuminate/Http/Middleware/TrustProxies->handle()
#55 C:/Users/gabyr/Downloads/Proyecto web/Proyecto web/gym-app/vendor/laravel/framework/src/Illuminate/Foundation/Http/Middleware/InvokeDeferredCallbacks.php(22): Illuminate/Pipeline/Pipeline->Illuminate/Pipeline/{closure}()
#56 C:/Users/gabyr/Downloads/Proyecto web/Proyecto web/gym-app/vendor/laravel/framework/src/Illuminate/Pipeline/Pipeline.php(219): Illuminate/Foundation/Http/Middleware/InvokeDeferredCallbacks->handle()
#57 C:/Users/gabyr/Downloads/Proyecto web/Proyecto web/gym-app/vendor/laravel/framework/src/Illuminate/Http/Middleware/ValidatePathEncoding.php(26): Illuminate/Pipeline/Pipeline->Illuminate/Pipeline/{closure}()
#58 C:/Users/gabyr/Downloads/Proyecto web/Proyecto web/gym-app/vendor/laravel/framework/src/Illuminate/Pipeline/Pipeline.php(219): Illuminate/Http/Middleware/ValidatePathEncoding->handle()
#59 C:/Users/gabyr/Downloads/Proyecto web/Proyecto web/gym-app/vendor/laravel/framework/src/Illuminate/Pipeline/Pipeline.php(137): Illuminate/Pipeline/Pipeline->Illuminate/Pipeline/{closure}()
#60 C:/Users/gabyr/Downloads/Proyecto web/Proyecto web/gym-app/vendor/laravel/framework/src/Illuminate/Foundation/Http/Kernel.php(175): Illuminate/Pipeline/Pipeline->then()
#61 C:/Users/gabyr/Downloads/Proyecto web/Proyecto web/gym-app/vendor/laravel/framework/src/Illuminate/Foundation/Http/Kernel.php(144): Illuminate/Foundation/Http/Kernel->sendRequestThroughRouter()
#62 C:/Users/gabyr/Downloads/Proyecto web/Proyecto web/gym-app/vendor/laravel/framework/src/Illuminate/Foundation/Application.php(1220): Illuminate/Foundation/Http/Kernel->handle()
#63 C:/Users/gabyr/Downloads/Proyecto web/Proyecto web/gym-app/public/index.php(20): Illuminate/Foundation/Application->handleRequest()
#64 C:/Users/gabyr/Downloads/Proyecto web/Proyecto web/gym-app/vendor/laravel/framework/src/Illuminate/Foundation/resources/server.php(23): require_once('...')
#65 {main}

[previous exception] [object] (Illuminate\\Foundation\\ViteManifestNotFoundException(code: 0): Vite manifest not found at: C:\\Users\\gabyr\\Downloads\\Proyecto web\\Proyecto web\\gym-app\\public\\build/manifest.json at C:/Users/gabyr/Downloads/Proyecto web/Proyecto web/gym-app/vendor/laravel/framework/src/Illuminate/Foundation/Vite.php:946)
[stacktrace]
#0 C:/Users/gabyr/Downloads/Proyecto web/Proyecto web/gym-app/vendor/laravel/framework/src/Illuminate/Foundation/Vite.php(384): Illuminate/Foundation/Vite->manifest()
#1 C:/Users/gabyr/Downloads/Proyecto web/Proyecto web/gym-app/storage/framework/views/1dfd19f180e26e6ec8760dc091aafe53.php(17): Illuminate/Foundation/Vite->__invoke()
#2 C:/Users/gabyr/Downloads/Proyecto web/Proyecto web/gym-app/vendor/laravel/framework/src/Illuminate/Filesystem/Filesystem.php(123): require('...')
#3 C:/Users/gabyr/Downloads/Proyecto web/Proyecto web/gym-app/vendor/laravel/framework/src/Illuminate/Filesystem/Filesystem.php(124): Illuminate/Filesystem/Filesystem::Illuminate/Filesystem/{closure}()
#4 C:/Users/gabyr/Downloads/Proyecto web/Proyecto web/gym-app/vendor/laravel/framework/src/Illuminate/View/Engines/PhpEngine.php(57): Illuminate/Filesystem/Filesystem->getRequire()
#5 C:/Users/gabyr/Downloads/Proyecto web/Proyecto web/gym-app/vendor/laravel/framework/src/Illuminate/View/Engines/CompilerEngine.php(76): Illuminate/View/Engines/PhpEngine->evaluatePath()
#6 C:/Users/gabyr/Downloads/Proyecto web/Proyecto web/gym-app/vendor/laravel/framework/src/Illuminate/View/View.php(208): Illuminate/View/Engines/CompilerEngine->get()
#7 C:/Users/gabyr/Downloads/Proyecto web/Proyecto web/gym-app/vendor/laravel/framework/src/Illuminate/View/View.php(191): Illuminate/View/View->getContents()
#8 C:/Users/gabyr/Downloads/Proyecto web/Proyecto web/gym-app/vendor/laravel/framework/src/Illuminate/View/View.php(160): Illuminate/View/View->renderContents()
#9 C:/Users/gabyr/Downloads/Proyecto web/Proyecto web/gym-app/storage/framework/views/128cc3c622eece639f85f494092b7348.php(106): Illuminate/View/View->render()
#10 C:/Users/gabyr/Downloads/Proyecto web/Proyecto web/gym-app/vendor/laravel/framework/src/Illuminate/Filesystem/Filesystem.php(123): require('...')
#11 C:/Users/gabyr/Downloads/Proyecto web/Proyecto web/gym-app/vendor/laravel/framework/src/Illuminate/Filesystem/Filesystem.php(124): Illuminate/Filesystem/Filesystem::Illuminate/Filesystem/{closure}()
#12 C:/Users/gabyr/Downloads/Proyecto web/Proyecto web/gym-app/vendor/laravel/framework/src/Illuminate/View/Engines/PhpEngine.php(57): Illuminate/Filesystem/Filesystem->getRequire()
#13 C:/Users/gabyr/Downloads/Proyecto web/Proyecto web/gym-app/vendor/laravel/framework/src/Illuminate/View/Engines/CompilerEngine.php(76): Illuminate/View/Engines/PhpEngine->evaluatePath()
#14 C:/Users/gabyr/Downloads/Proyecto web/Proyecto web/gym-app/vendor/laravel/framework/src/Illuminate/View/View.php(208): Illuminate/View/Engines/CompilerEngine->get()
#15 C:/Users/gabyr/Downloads/Proyecto web/Proyecto web/gym-app/vendor/laravel/framework/src/Illuminate/View/View.php(191): Illuminate/View/View->getContents()
#16 C:/Users/gabyr/Downloads/Proyecto web/Proyecto web/gym-app/vendor/laravel/framework/src/Illuminate/View/View.php(160): Illuminate/View/View->renderContents()
#17 C:/Users/gabyr/Downloads/Proyecto web/Proyecto web/gym-app/vendor/laravel/framework/src/Illuminate/Http/Response.php(78): Illuminate/View/View->render()
#18 C:/Users/gabyr/Downloads/Proyecto web/Proyecto web/gym-app/vendor/laravel/framework/src/Illuminate/Http/Response.php(34): Illuminate/Http/Response->setContent()
#19 C:/Users/gabyr/Downloads/Proyecto web/Proyecto web/gym-app/vendor/laravel/framework/src/Illuminate/Routing/Router.php(939): Illuminate/Http/Response->__construct()
#20 C:/Users/gabyr/Downloads/Proyecto web/Proyecto web/gym-app/vendor/laravel/framework/src/Illuminate/Routing/Router.php(906): Illuminate/Routing/Router::toResponse()
#21 C:/Users/gabyr/Downloads/Proyecto web/Proyecto web/gym-app/vendor/laravel/framework/src/Illuminate/Routing/Router.php(821): Illuminate/Routing/Router->prepareResponse()
#22 C:/Users/gabyr/Downloads/Proyecto web/Proyecto web/gym-app/vendor/laravel/framework/src/Illuminate/Pipeline/Pipeline.php(180): Illuminate/Routing/Router->Illuminate/Routing/{closure}()
#23 C:/Users/gabyr/Downloads/Proyecto web/Proyecto web/gym-app/vendor/laravel/framework/src/Illuminate/Auth/Middleware/RedirectIfAuthenticated.php(47): Illuminate/Pipeline/Pipeline->Illuminate/Pipeline/{closure}()
#24 C:/Users/gabyr/Downloads/Proyecto web/Proyecto web/gym-app/vendor/laravel/framework/src/Illuminate/Pipeline/Pipeline.php(219): Illuminate/Auth/Middleware/RedirectIfAuthenticated->handle()
#25 C:/Users/gabyr/Downloads/Proyecto web/Proyecto web/gym-app/vendor/laravel/framework/src/Illuminate/Routing/Middleware/SubstituteBindings.php(50): Illuminate/Pipeline/Pipeline->Illuminate/Pipeline/{closure}()
#26 C:/Users/gabyr/Downloads/Proyecto web/Proyecto web/gym-app/vendor/laravel/framework/src/Illuminate/Pipeline/Pipeline.php(219): Illuminate/Routing/Middleware/SubstituteBindings->handle()
#27 C:/Users/gabyr/Downloads/Proyecto web/Proyecto web/gym-app/vendor/laravel/framework/src/Illuminate/Foundation/Http/Middleware/VerifyCsrfToken.php(87): Illuminate/Pipeline/Pipeline->Illuminate/Pipeline/{closure}()
#28 C:/Users/gabyr/Downloads/Proyecto web/Proyecto web/gym-app/vendor/laravel/framework/src/Illuminate/Pipeline/Pipeline.php(219): Illuminate/Foundation/Http/Middleware/VerifyCsrfToken->handle()
#29 C:/Users/gabyr/Downloads/Proyecto web/Proyecto web/gym-app/vendor/laravel/framework/src/Illuminate/View/Middleware/ShareErrorsFromSession.php(48): Illuminate/Pipeline/Pipeline->Illuminate/Pipeline/{closure}()
#30 C:/Users/gabyr/Downloads/Proyecto web/Proyecto web/gym-app/vendor/laravel/framework/src/Illuminate/Pipeline/Pipeline.php(219): Illuminate/View/Middleware/ShareErrorsFromSession->handle()
#31 C:/Users/gabyr/Downloads/Proyecto web/Proyecto web/gym-app/vendor/laravel/framework/src/Illuminate/Session/Middleware/StartSession.php(120): Illuminate/Pipeline/Pipeline->Illuminate/Pipeline/{closure}()
#32 C:/Users/gabyr/Downloads/Proyecto web/Proyecto web/gym-app/vendor/laravel/framework/src/Illuminate/Session/Middleware/StartSession.php(63): Illuminate/Session/Middleware/StartSession->handleStatefulRequest()
#33 C:/Users/gabyr/Downloads/Proyecto web/Proyecto web/gym-app/vendor/laravel/framework/src/Illuminate/Pipeline/Pipeline.php(219): Illuminate/Session/Middleware/StartSession->handle()
#34 C:/Users/gabyr/Downloads/Proyecto web/Proyecto web/gym-app/vendor/laravel/framework/src/Illuminate/Cookie/Middleware/AddQueuedCookiesToResponse.php(36): Illuminate/Pipeline/Pipeline->Illuminate/Pipeline/{closure}()
#35 C:/Users/gabyr/Downloads/Proyecto web/Proyecto web/gym-app/vendor/laravel/framework/src/Illuminate/Pipeline/Pipeline.php(219): Illuminate/Cookie/Middleware/AddQueuedCookiesToResponse->handle()
#36 C:/Users/gabyr/Downloads/Proyecto web/Proyecto web/gym-app/vendor/laravel/framework/src/Illuminate/Cookie/Middleware/EncryptCookies.php(74): Illuminate/Pipeline/Pipeline->Illuminate/Pipeline/{closure}()
#37 C:/Users/gabyr/Downloads/Proyecto web/Proyecto web/gym-app/vendor/laravel/framework/src/Illuminate/Pipeline/Pipeline.php(219): Illuminate/Cookie/Middleware/EncryptCookies->handle()
#38 C:/Users/gabyr/Downloads/Proyecto web/Proyecto web/gym-app/vendor/laravel/framework/src/Illuminate/Pipeline/Pipeline.php(137): Illuminate/Pipeline/Pipeline->Illuminate/Pipeline/{closure}()
#39 C:/Users/gabyr/Downloads/Proyecto web/Proyecto web/gym-app/vendor/laravel/framework/src/Illuminate/Routing/Router.php(821): Illuminate/Pipeline/Pipeline->then()
#40 C:/Users/gabyr/Downloads/Proyecto web/Proyecto web/gym-app/vendor/laravel/framework/src/Illuminate/Routing/Router.php(800): Illuminate/Routing/Router->runRouteWithinStack()
#41 C:/Users/gabyr/Downloads/Proyecto web/Proyecto web/gym-app/vendor/laravel/framework/src/Illuminate/Routing/Router.php(764): Illuminate/Routing/Router->runRoute()
#42 C:/Users/gabyr/Downloads/Proyecto web/Proyecto web/gym-app/vendor/laravel/framework/src/Illuminate/Routing/Router.php(753): Illuminate/Routing/Router->dispatchToRoute()
#43 C:/Users/gabyr/Downloads/Proyecto web/Proyecto web/gym-app/vendor/laravel/framework/src/Illuminate/Foundation/Http/Kernel.php(200): Illuminate/Routing/Router->dispatch()
#44 C:/Users/gabyr/Downloads/Proyecto web/Proyecto web/gym-app/vendor/laravel/framework/src/Illuminate/Pipeline/Pipeline.php(180): Illuminate/Foundation/Http/Kernel->Illuminate/Foundation/Http/{closure}()
#45 C:/Users/gabyr/Downloads/Proyecto web/Proyecto web/gym-app/vendor/laravel/framework/src/Illuminate/Foundation/Http/Middleware/TransformsRequest.php(21): Illuminate/Pipeline/Pipeline->Illuminate/Pipeline/{closure}()
#46 C:/Users/gabyr/Downloads/Proyecto web/Proyecto web/gym-app/vendor/laravel/framework/src/Illuminate/Foundation/Http/Middleware/ConvertEmptyStringsToNull.php(31): Illuminate/Foundation/Http/Middleware/TransformsRequest->handle()
#47 C:/Users/gabyr/Downloads/Proyecto web/Proyecto web/gym-app/vendor/laravel/framework/src/Illuminate/Pipeline/Pipeline.php(219): Illuminate/Foundation/Http/Middleware/ConvertEmptyStringsToNull->handle()
#48 C:/Users/gabyr/Downloads/Proyecto web/Proyecto web/gym-app/vendor/laravel/framework/src/Illuminate/Foundation/Http/Middleware/TransformsRequest.php(21): Illuminate/Pipeline/Pipeline->Illuminate/Pipeline/{closure}()
#49 C:/Users/gabyr/Downloads/Proyecto web/Proyecto web/gym-app/vendor/laravel/framework/src/Illuminate/Foundation/Http/Middleware/TrimStrings.php(51): Illuminate/Foundation/Http/Middleware/TransformsRequest->handle()
#50 C:/Users/gabyr/Downloads/Proyecto web/Proyecto web/gym-app/vendor/laravel/framework/src/Illuminate/Pipeline/Pipeline.php(219): Illuminate/Foundation/Http/Middleware/TrimStrings->handle()
#51 C:/Users/gabyr/Downloads/Proyecto web/Proyecto web/gym-app/vendor/laravel/framework/src/Illuminate/Http/Middleware/ValidatePostSize.php(27): Illuminate/Pipeline/Pipeline->Illuminate/Pipeline/{closure}()
#52 C:/Users/gabyr/Downloads/Proyecto web/Proyecto web/gym-app/vendor/laravel/framework/src/Illuminate/Pipeline/Pipeline.php(219): Illuminate/Http/Middleware/ValidatePostSize->handle()
#53 C:/Users/gabyr/Downloads/Proyecto web/Proyecto web/gym-app/vendor/laravel/framework/src/Illuminate/Foundation/Http/Middleware/PreventRequestsDuringMaintenance.php(109): Illuminate/Pipeline/Pipeline->Illuminate/Pipeline/{closure}()
#54 C:/Users/gabyr/Downloads/Proyecto web/Proyecto web/gym-app/vendor/laravel/framework/src/Illuminate/Pipeline/Pipeline.php(219): Illuminate/Foundation/Http/Middleware/PreventRequestsDuringMaintenance->handle()
#55 C:/Users/gabyr/Downloads/Proyecto web/Proyecto web/gym-app/vendor/laravel/framework/src/Illuminate/Http/Middleware/HandleCors.php(61): Illuminate/Pipeline/Pipeline->Illuminate/Pipeline/{closure}()
#56 C:/Users/gabyr/Downloads/Proyecto web/Proyecto web/gym-app/vendor/laravel/framework/src/Illuminate/Pipeline/Pipeline.php(219): Illuminate/Http/Middleware/HandleCors->handle()
#57 C:/Users/gabyr/Downloads/Proyecto web/Proyecto web/gym-app/vendor/laravel/framework/src/Illuminate/Http/Middleware/TrustProxies.php(58): Illuminate/Pipeline/Pipeline->Illuminate/Pipeline/{closure}()
#58 C:/Users/gabyr/Downloads/Proyecto web/Proyecto web/gym-app/vendor/laravel/framework/src/Illuminate/Pipeline/Pipeline.php(219): Illuminate/Http/Middleware/TrustProxies->handle()
#59 C:/Users/gabyr/Downloads/Proyecto web/Proyecto web/gym-app/vendor/laravel/framework/src/Illuminate/Foundation/Http/Middleware/InvokeDeferredCallbacks.php(22): Illuminate/Pipeline/Pipeline->Illuminate/Pipeline/{closure}()
#60 C:/Users/gabyr/Downloads/Proyecto web/Proyecto web/gym-app/vendor/laravel/framework/src/Illuminate/Pipeline/Pipeline.php(219): Illuminate/Foundation/Http/Middleware/InvokeDeferredCallbacks->handle()
#61 C:/Users/gabyr/Downloads/Proyecto web/Proyecto web/gym-app/vendor/laravel/framework/src/Illuminate/Http/Middleware/ValidatePathEncoding.php(26): Illuminate/Pipeline/Pipeline->Illuminate/Pipeline/{closure}()
#62 C:/Users/gabyr/Downloads/Proyecto web/Proyecto web/gym-app/vendor/laravel/framework/src/Illuminate/Pipeline/Pipeline.php(219): Illuminate/Http/Middleware/ValidatePathEncoding->handle()
#63 C:/Users/gabyr/Downloads/Proyecto web/Proyecto web/gym-app/vendor/laravel/framework/src/Illuminate/Pipeline/Pipeline.php(137): Illuminate/Pipeline/Pipeline->Illuminate/Pipeline/{closure}()
#64 C:/Users/gabyr/Downloads/Proyecto web/Proyecto web/gym-app/vendor/laravel/framework/src/Illuminate/Foundation/Http/Kernel.php(175): Illuminate/Pipeline/Pipeline->then()
#65 C:/Users/gabyr/Downloads/Proyecto web/Proyecto web/gym-app/vendor/laravel/framework/src/Illuminate/Foundation/Http/Kernel.php(144): Illuminate/Foundation/Http/Kernel->sendRequestThroughRouter()
#66 C:/Users/gabyr/Downloads/Proyecto web/Proyecto web/gym-app/vendor/laravel/framework/src/Illuminate/Foundation/Application.php(1220): Illuminate/Foundation/Http/Kernel->handle()
#67 C:/Users/gabyr/Downloads/Proyecto web/Proyecto web/gym-app/public/index.php(20): Illuminate/Foundation/Application->handleRequest()
#68 C:/Users/gabyr/Downloads/Proyecto web/Proyecto web/gym-app/vendor/laravel/framework/src/Illuminate/Foundation/resources/server.php(23): require_once('...')
#69 {main}
"} 
[2026-05-25 03:46:49] local.ERROR: syntax error, unexpected end of file (View: C:\Users\gabyr\Downloads\Proyecto web\Proyecto web\gym-app\resources\views\layouts\app.blade.php) (View: C:\Users\gabyr\Downloads\Proyecto web\Proyecto web\gym-app\resources\views\layouts\app.blade.php) {"exception":"[object] (Illuminate\\View\\ViewException(code: 0): syntax error, unexpected end of file (View: C:\\Users\\gabyr\\Downloads\\Proyecto web\\Proyecto web\\gym-app\\resources\\views\\layouts\\app.blade.php) (View: C:\\Users\\gabyr\\Downloads\\Proyecto web\\Proyecto web\\gym-app\\resources\\views\\layouts\\app.blade.php) at C:/Users/gabyr/Downloads/Proyecto web/Proyecto web/gym-app/storage/framework/views/1dfd19f180e26e6ec8760dc091aafe53.php:48)
[stacktrace]
#0 C:/Users/gabyr/Downloads/Proyecto web/Proyecto web/gym-app/vendor/laravel/framework/src/Illuminate/View/Engines/PhpEngine.php(59): Illuminate/View/Engines/CompilerEngine->handleViewException()
#1 C:/Users/gabyr/Downloads/Proyecto web/Proyecto web/gym-app/vendor/laravel/framework/src/Illuminate/View/Engines/CompilerEngine.php(76): Illuminate/View/Engines/PhpEngine->evaluatePath()
#2 C:/Users/gabyr/Downloads/Proyecto web/Proyecto web/gym-app/vendor/laravel/framework/src/Illuminate/View/View.php(208): Illuminate/View/Engines/CompilerEngine->get()
#3 C:/Users/gabyr/Downloads/Proyecto web/Proyecto web/gym-app/vendor/laravel/framework/src/Illuminate/View/View.php(191): Illuminate/View/View->getContents()
#4 C:/Users/gabyr/Downloads/Proyecto web/Proyecto web/gym-app/vendor/laravel/framework/src/Illuminate/View/View.php(160): Illuminate/View/View->renderContents()
#5 C:/Users/gabyr/Downloads/Proyecto web/Proyecto web/gym-app/vendor/laravel/framework/src/Illuminate/Http/Response.php(78): Illuminate/View/View->render()
#6 C:/Users/gabyr/Downloads/Proyecto web/Proyecto web/gym-app/vendor/laravel/framework/src/Illuminate/Http/Response.php(34): Illuminate/Http/Response->setContent()
#7 C:/Users/gabyr/Downloads/Proyecto web/Proyecto web/gym-app/vendor/laravel/framework/src/Illuminate/Routing/Router.php(939): Illuminate/Http/Response->__construct()
#8 C:/Users/gabyr/Downloads/Proyecto web/Proyecto web/gym-app/vendor/laravel/framework/src/Illuminate/Routing/Router.php(906): Illuminate/Routing/Router::toResponse()
#9 C:/Users/gabyr/Downloads/Proyecto web/Proyecto web/gym-app/vendor/laravel/framework/src/Illuminate/Routing/Router.php(821): Illuminate/Routing/Router->prepareResponse()
#10 C:/Users/gabyr/Downloads/Proyecto web/Proyecto web/gym-app/vendor/laravel/framework/src/Illuminate/Pipeline/Pipeline.php(180): Illuminate/Routing/Router->Illuminate/Routing/{closure}()
#11 C:/Users/gabyr/Downloads/Proyecto web/Proyecto web/gym-app/vendor/laravel/framework/src/Illuminate/Auth/Middleware/RedirectIfAuthenticated.php(47): Illuminate/Pipeline/Pipeline->Illuminate/Pipeline/{closure}()
#12 C:/Users/gabyr/Downloads/Proyecto web/Proyecto web/gym-app/vendor/laravel/framework/src/Illuminate/Pipeline/Pipeline.php(219): Illuminate/Auth/Middleware/RedirectIfAuthenticated->handle()
#13 C:/Users/gabyr/Downloads/Proyecto web/Proyecto web/gym-app/vendor/laravel/framework/src/Illuminate/Routing/Middleware/SubstituteBindings.php(50): Illuminate/Pipeline/Pipeline->Illuminate/Pipeline/{closure}()
#14 C:/Users/gabyr/Downloads/Proyecto web/Proyecto web/gym-app/vendor/laravel/framework/src/Illuminate/Pipeline/Pipeline.php(219): Illuminate/Routing/Middleware/SubstituteBindings->handle()
#15 C:/Users/gabyr/Downloads/Proyecto web/Proyecto web/gym-app/vendor/laravel/framework/src/Illuminate/Foundation/Http/Middleware/VerifyCsrfToken.php(87): Illuminate/Pipeline/Pipeline->Illuminate/Pipeline/{closure}()
#16 C:/Users/gabyr/Downloads/Proyecto web/Proyecto web/gym-app/vendor/laravel/framework/src/Illuminate/Pipeline/Pipeline.php(219): Illuminate/Foundation/Http/Middleware/VerifyCsrfToken->handle()
#17 C:/Users/gabyr/Downloads/Proyecto web/Proyecto web/gym-app/vendor/laravel/framework/src/Illuminate/View/Middleware/ShareErrorsFromSession.php(48): Illuminate/Pipeline/Pipeline->Illuminate/Pipeline/{closure}()
#18 C:/Users/gabyr/Downloads/Proyecto web/Proyecto web/gym-app/vendor/laravel/framework/src/Illuminate/Pipeline/Pipeline.php(219): Illuminate/View/Middleware/ShareErrorsFromSession->handle()
#19 C:/Users/gabyr/Downloads/Proyecto web/Proyecto web/gym-app/vendor/laravel/framework/src/Illuminate/Session/Middleware/StartSession.php(120): Illuminate/Pipeline/Pipeline->Illuminate/Pipeline/{closure}()
#20 C:/Users/gabyr/Downloads/Proyecto web/Proyecto web/gym-app/vendor/laravel/framework/src/Illuminate/Session/Middleware/StartSession.php(63): Illuminate/Session/Middleware/StartSession->handleStatefulRequest()
#21 C:/Users/gabyr/Downloads/Proyecto web/Proyecto web/gym-app/vendor/laravel/framework/src/Illuminate/Pipeline/Pipeline.php(219): Illuminate/Session/Middleware/StartSession->handle()
#22 C:/Users/gabyr/Downloads/Proyecto web/Proyecto web/gym-app/vendor/laravel/framework/src/Illuminate/Cookie/Middleware/AddQueuedCookiesToResponse.php(36): Illuminate/Pipeline/Pipeline->Illuminate/Pipeline/{closure}()
#23 C:/Users/gabyr/Downloads/Proyecto web/Proyecto web/gym-app/vendor/laravel/framework/src/Illuminate/Pipeline/Pipeline.php(219): Illuminate/Cookie/Middleware/AddQueuedCookiesToResponse->handle()
#24 C:/Users/gabyr/Downloads/Proyecto web/Proyecto web/gym-app/vendor/laravel/framework/src/Illuminate/Cookie/Middleware/EncryptCookies.php(74): Illuminate/Pipeline/Pipeline->Illuminate/Pipeline/{closure}()
#25 C:/Users/gabyr/Downloads/Proyecto web/Proyecto web/gym-app/vendor/laravel/framework/src/Illuminate/Pipeline/Pipeline.php(219): Illuminate/Cookie/Middleware/EncryptCookies->handle()
#26 C:/Users/gabyr/Downloads/Proyecto web/Proyecto web/gym-app/vendor/laravel/framework/src/Illuminate/Pipeline/Pipeline.php(137): Illuminate/Pipeline/Pipeline->Illuminate/Pipeline/{closure}()
#27 C:/Users/gabyr/Downloads/Proyecto web/Proyecto web/gym-app/vendor/laravel/framework/src/Illuminate/Routing/Router.php(821): Illuminate/Pipeline/Pipeline->then()
#28 C:/Users/gabyr/Downloads/Proyecto web/Proyecto web/gym-app/vendor/laravel/framework/src/Illuminate/Routing/Router.php(800): Illuminate/Routing/Router->runRouteWithinStack()
#29 C:/Users/gabyr/Downloads/Proyecto web/Proyecto web/gym-app/vendor/laravel/framework/src/Illuminate/Routing/Router.php(764): Illuminate/Routing/Router->runRoute()
#30 C:/Users/gabyr/Downloads/Proyecto web/Proyecto web/gym-app/vendor/laravel/framework/src/Illuminate/Routing/Router.php(753): Illuminate/Routing/Router->dispatchToRoute()
#31 C:/Users/gabyr/Downloads/Proyecto web/Proyecto web/gym-app/vendor/laravel/framework/src/Illuminate/Foundation/Http/Kernel.php(200): Illuminate/Routing/Router->dispatch()
#32 C:/Users/gabyr/Downloads/Proyecto web/Proyecto web/gym-app/vendor/laravel/framework/src/Illuminate/Pipeline/Pipeline.php(180): Illuminate/Foundation/Http/Kernel->Illuminate/Foundation/Http/{closure}()
#33 C:/Users/gabyr/Downloads/Proyecto web/Proyecto web/gym-app/vendor/laravel/framework/src/Illuminate/Foundation/Http/Middleware/TransformsRequest.php(21): Illuminate/Pipeline/Pipeline->Illuminate/Pipeline/{closure}()
#34 C:/Users/gabyr/Downloads/Proyecto web/Proyecto web/gym-app/vendor/laravel/framework/src/Illuminate/Foundation/Http/Middleware/ConvertEmptyStringsToNull.php(31): Illuminate/Foundation/Http/Middleware/TransformsRequest->handle()
#35 C:/Users/gabyr/Downloads/Proyecto web/Proyecto web/gym-app/vendor/laravel/framework/src/Illuminate/Pipeline/Pipeline.php(219): Illuminate/Foundation/Http/Middleware/ConvertEmptyStringsToNull->handle()
#36 C:/Users/gabyr/Downloads/Proyecto web/Proyecto web/gym-app/vendor/laravel/framework/src/Illuminate/Foundation/Http/Middleware/TransformsRequest.php(21): Illuminate/Pipeline/Pipeline->Illuminate/Pipeline/{closure}()
#37 C:/Users/gabyr/Downloads/Proyecto web/Proyecto web/gym-app/vendor/laravel/framework/src/Illuminate/Foundation/Http/Middleware/TrimStrings.php(51): Illuminate/Foundation/Http/Middleware/TransformsRequest->handle()
#38 C:/Users/gabyr/Downloads/Proyecto web/Proyecto web/gym-app/vendor/laravel/framework/src/Illuminate/Pipeline/Pipeline.php(219): Illuminate/Foundation/Http/Middleware/TrimStrings->handle()
#39 C:/Users/gabyr/Downloads/Proyecto web/Proyecto web/gym-app/vendor/laravel/framework/src/Illuminate/Http/Middleware/ValidatePostSize.php(27): Illuminate/Pipeline/Pipeline->Illuminate/Pipeline/{closure}()
#40 C:/Users/gabyr/Downloads/Proyecto web/Proyecto web/gym-app/vendor/laravel/framework/src/Illuminate/Pipeline/Pipeline.php(219): Illuminate/Http/Middleware/ValidatePostSize->handle()
#41 C:/Users/gabyr/Downloads/Proyecto web/Proyecto web/gym-app/vendor/laravel/framework/src/Illuminate/Foundation/Http/Middleware/PreventRequestsDuringMaintenance.php(109): Illuminate/Pipeline/Pipeline->Illuminate/Pipeline/{closure}()
#42 C:/Users/gabyr/Downloads/Proyecto web/Proyecto web/gym-app/vendor/laravel/framework/src/Illuminate/Pipeline/Pipeline.php(219): Illuminate/Foundation/Http/Middleware/PreventRequestsDuringMaintenance->handle()
#43 C:/Users/gabyr/Downloads/Proyecto web/Proyecto web/gym-app/vendor/laravel/framework/src/Illuminate/Http/Middleware/HandleCors.php(61): Illuminate/Pipeline/Pipeline->Illuminate/Pipeline/{closure}()
#44 C:/Users/gabyr/Downloads/Proyecto web/Proyecto web/gym-app/vendor/laravel/framework/src/Illuminate/Pipeline/Pipeline.php(219): Illuminate/Http/Middleware/HandleCors->handle()
#45 C:/Users/gabyr/Downloads/Proyecto web/Proyecto web/gym-app/vendor/laravel/framework/src/Illuminate/Http/Middleware/TrustProxies.php(58): Illuminate/Pipeline/Pipeline->Illuminate/Pipeline/{closure}()
#46 C:/Users/gabyr/Downloads/Proyecto web/Proyecto web/gym-app/vendor/laravel/framework/src/Illuminate/Pipeline/Pipeline.php(219): Illuminate/Http/Middleware/TrustProxies->handle()
#47 C:/Users/gabyr/Downloads/Proyecto web/Proyecto web/gym-app/vendor/laravel/framework/src/Illuminate/Foundation/Http/Middleware/InvokeDeferredCallbacks.php(22): Illuminate/Pipeline/Pipeline->Illuminate/Pipeline/{closure}()
#48 C:/Users/gabyr/Downloads/Proyecto web/Proyecto web/gym-app/vendor/laravel/framework/src/Illuminate/Pipeline/Pipeline.php(219): Illuminate/Foundation/Http/Middleware/InvokeDeferredCallbacks->handle()
#49 C:/Users/gabyr/Downloads/Proyecto web/Proyecto web/gym-app/vendor/laravel/framework/src/Illuminate/Http/Middleware/ValidatePathEncoding.php(26): Illuminate/Pipeline/Pipeline->Illuminate/Pipeline/{closure}()
#50 C:/Users/gabyr/Downloads/Proyecto web/Proyecto web/gym-app/vendor/laravel/framework/src/Illuminate/Pipeline/Pipeline.php(219): Illuminate/Http/Middleware/ValidatePathEncoding->handle()
#51 C:/Users/gabyr/Downloads/Proyecto web/Proyecto web/gym-app/vendor/laravel/framework/src/Illuminate/Pipeline/Pipeline.php(137): Illuminate/Pipeline/Pipeline->Illuminate/Pipeline/{closure}()
#52 C:/Users/gabyr/Downloads/Proyecto web/Proyecto web/gym-app/vendor/laravel/framework/src/Illuminate/Foundation/Http/Kernel.php(175): Illuminate/Pipeline/Pipeline->then()
#53 C:/Users/gabyr/Downloads/Proyecto web/Proyecto web/gym-app/vendor/laravel/framework/src/Illuminate/Foundation/Http/Kernel.php(144): Illuminate/Foundation/Http/Kernel->sendRequestThroughRouter()
#54 C:/Users/gabyr/Downloads/Proyecto web/Proyecto web/gym-app/vendor/laravel/framework/src/Illuminate/Foundation/Application.php(1220): Illuminate/Foundation/Http/Kernel->handle()
#55 C:/Users/gabyr/Downloads/Proyecto web/Proyecto web/gym-app/public/index.php(20): Illuminate/Foundation/Application->handleRequest()
#56 C:/Users/gabyr/Downloads/Proyecto web/Proyecto web/gym-app/vendor/laravel/framework/src/Illuminate/Foundation/resources/server.php(23): require_once('...')
#57 {main}

[previous exception] [object] (Illuminate\\View\\ViewException(code: 0): syntax error, unexpected end of file (View: C:\\Users\\gabyr\\Downloads\\Proyecto web\\Proyecto web\\gym-app\\resources\\views\\layouts\\app.blade.php) at C:/Users/gabyr/Downloads/Proyecto web/Proyecto web/gym-app/storage/framework/views/1dfd19f180e26e6ec8760dc091aafe53.php:48)
[stacktrace]
#0 C:/Users/gabyr/Downloads/Proyecto web/Proyecto web/gym-app/vendor/laravel/framework/src/Illuminate/View/Engines/PhpEngine.php(59): Illuminate/View/Engines/CompilerEngine->handleViewException()
#1 C:/Users/gabyr/Downloads/Proyecto web/Proyecto web/gym-app/vendor/laravel/framework/src/Illuminate/View/Engines/CompilerEngine.php(76): Illuminate/View/Engines/PhpEngine->evaluatePath()
#2 C:/Users/gabyr/Downloads/Proyecto web/Proyecto web/gym-app/vendor/laravel/framework/src/Illuminate/View/View.php(208): Illuminate/View/Engines/CompilerEngine->get()
#3 C:/Users/gabyr/Downloads/Proyecto web/Proyecto web/gym-app/vendor/laravel/framework/src/Illuminate/View/View.php(191): Illuminate/View/View->getContents()
#4 C:/Users/gabyr/Downloads/Proyecto web/Proyecto web/gym-app/vendor/laravel/framework/src/Illuminate/View/View.php(160): Illuminate/View/View->renderContents()
#5 C:/Users/gabyr/Downloads/Proyecto web/Proyecto web/gym-app/storage/framework/views/128cc3c622eece639f85f494092b7348.php(106): Illuminate/View/View->render()
#6 C:/Users/gabyr/Downloads/Proyecto web/Proyecto web/gym-app/vendor/laravel/framework/src/Illuminate/Filesystem/Filesystem.php(123): require('...')
#7 C:/Users/gabyr/Downloads/Proyecto web/Proyecto web/gym-app/vendor/laravel/framework/src/Illuminate/Filesystem/Filesystem.php(124): Illuminate/Filesystem/Filesystem::Illuminate/Filesystem/{closure}()
#8 C:/Users/gabyr/Downloads/Proyecto web/Proyecto web/gym-app/vendor/laravel/framework/src/Illuminate/View/Engines/PhpEngine.php(57): Illuminate/Filesystem/Filesystem->getRequire()
#9 C:/Users/gabyr/Downloads/Proyecto web/Proyecto web/gym-app/vendor/laravel/framework/src/Illuminate/View/Engines/CompilerEngine.php(76): Illuminate/View/Engines/PhpEngine->evaluatePath()
#10 C:/Users/gabyr/Downloads/Proyecto web/Proyecto web/gym-app/vendor/laravel/framework/src/Illuminate/View/View.php(208): Illuminate/View/Engines/CompilerEngine->get()
#11 C:/Users/gabyr/Downloads/Proyecto web/Proyecto web/gym-app/vendor/laravel/framework/src/Illuminate/View/View.php(191): Illuminate/View/View->getContents()
#12 C:/Users/gabyr/Downloads/Proyecto web/Proyecto web/gym-app/vendor/laravel/framework/src/Illuminate/View/View.php(160): Illuminate/View/View->renderContents()
#13 C:/Users/gabyr/Downloads/Proyecto web/Proyecto web/gym-app/vendor/laravel/framework/src/Illuminate/Http/Response.php(78): Illuminate/View/View->render()
#14 C:/Users/gabyr/Downloads/Proyecto web/Proyecto web/gym-app/vendor/laravel/framework/src/Illuminate/Http/Response.php(34): Illuminate/Http/Response->setContent()
#15 C:/Users/gabyr/Downloads/Proyecto web/Proyecto web/gym-app/vendor/laravel/framework/src/Illuminate/Routing/Router.php(939): Illuminate/Http/Response->__construct()
#16 C:/Users/gabyr/Downloads/Proyecto web/Proyecto web/gym-app/vendor/laravel/framework/src/Illuminate/Routing/Router.php(906): Illuminate/Routing/Router::toResponse()
#17 C:/Users/gabyr/Downloads/Proyecto web/Proyecto web/gym-app/vendor/laravel/framework/src/Illuminate/Routing/Router.php(821): Illuminate/Routing/Router->prepareResponse()
#18 C:/Users/gabyr/Downloads/Proyecto web/Proyecto web/gym-app/vendor/laravel/framework/src/Illuminate/Pipeline/Pipeline.php(180): Illuminate/Routing/Router->Illuminate/Routing/{closure}()
#19 C:/Users/gabyr/Downloads/Proyecto web/Proyecto web/gym-app/vendor/laravel/framework/src/Illuminate/Auth/Middleware/RedirectIfAuthenticated.php(47): Illuminate/Pipeline/Pipeline->Illuminate/Pipeline/{closure}()
#20 C:/Users/gabyr/Downloads/Proyecto web/Proyecto web/gym-app/vendor/laravel/framework/src/Illuminate/Pipeline/Pipeline.php(219): Illuminate/Auth/Middleware/RedirectIfAuthenticated->handle()
#21 C:/Users/gabyr/Downloads/Proyecto web/Proyecto web/gym-app/vendor/laravel/framework/src/Illuminate/Routing/Middleware/SubstituteBindings.php(50): Illuminate/Pipeline/Pipeline->Illuminate/Pipeline/{closure}()
#22 C:/Users/gabyr/Downloads/Proyecto web/Proyecto web/gym-app/vendor/laravel/framework/src/Illuminate/Pipeline/Pipeline.php(219): Illuminate/Routing/Middleware/SubstituteBindings->handle()
#23 C:/Users/gabyr/Downloads/Proyecto web/Proyecto web/gym-app/vendor/laravel/framework/src/Illuminate/Foundation/Http/Middleware/VerifyCsrfToken.php(87): Illuminate/Pipeline/Pipeline->Illuminate/Pipeline/{closure}()
#24 C:/Users/gabyr/Downloads/Proyecto web/Proyecto web/gym-app/vendor/laravel/framework/src/Illuminate/Pipeline/Pipeline.php(219): Illuminate/Foundation/Http/Middleware/VerifyCsrfToken->handle()
#25 C:/Users/gabyr/Downloads/Proyecto web/Proyecto web/gym-app/vendor/laravel/framework/src/Illuminate/View/Middleware/ShareErrorsFromSession.php(48): Illuminate/Pipeline/Pipeline->Illuminate/Pipeline/{closure}()
#26 C:/Users/gabyr/Downloads/Proyecto web/Proyecto web/gym-app/vendor/laravel/framework/src/Illuminate/Pipeline/Pipeline.php(219): Illuminate/View/Middleware/ShareErrorsFromSession->handle()
#27 C:/Users/gabyr/Downloads/Proyecto web/Proyecto web/gym-app/vendor/laravel/framework/src/Illuminate/Session/Middleware/StartSession.php(120): Illuminate/Pipeline/Pipeline->Illuminate/Pipeline/{closure}()
#28 C:/Users/gabyr/Downloads/Proyecto web/Proyecto web/gym-app/vendor/laravel/framework/src/Illuminate/Session/Middleware/StartSession.php(63): Illuminate/Session/Middleware/StartSession->handleStatefulRequest()
#29 C:/Users/gabyr/Downloads/Proyecto web/Proyecto web/gym-app/vendor/laravel/framework/src/Illuminate/Pipeline/Pipeline.php(219): Illuminate/Session/Middleware/StartSession->handle()
#30 C:/Users/gabyr/Downloads/Proyecto web/Proyecto web/gym-app/vendor/laravel/framework/src/Illuminate/Cookie/Middleware/AddQueuedCookiesToResponse.php(36): Illuminate/Pipeline/Pipeline->Illuminate/Pipeline/{closure}()
#31 C:/Users/gabyr/Downloads/Proyecto web/Proyecto web/gym-app/vendor/laravel/framework/src/Illuminate/Pipeline/Pipeline.php(219): Illuminate/Cookie/Middleware/AddQueuedCookiesToResponse->handle()
#32 C:/Users/gabyr/Downloads/Proyecto web/Proyecto web/gym-app/vendor/laravel/framework/src/Illuminate/Cookie/Middleware/EncryptCookies.php(74): Illuminate/Pipeline/Pipeline->Illuminate/Pipeline/{closure}()
#33 C:/Users/gabyr/Downloads/Proyecto web/Proyecto web/gym-app/vendor/laravel/framework/src/Illuminate/Pipeline/Pipeline.php(219): Illuminate/Cookie/Middleware/EncryptCookies->handle()
#34 C:/Users/gabyr/Downloads/Proyecto web/Proyecto web/gym-app/vendor/laravel/framework/src/Illuminate/Pipeline/Pipeline.php(137): Illuminate/Pipeline/Pipeline->Illuminate/Pipeline/{closure}()
#35 C:/Users/gabyr/Downloads/Proyecto web/Proyecto web/gym-app/vendor/laravel/framework/src/Illuminate/Routing/Router.php(821): Illuminate/Pipeline/Pipeline->then()
#36 C:/Users/gabyr/Downloads/Proyecto web/Proyecto web/gym-app/vendor/laravel/framework/src/Illuminate/Routing/Router.php(800): Illuminate/Routing/Router->runRouteWithinStack()
#37 C:/Users/gabyr/Downloads/Proyecto web/Proyecto web/gym-app/vendor/laravel/framework/src/Illuminate/Routing/Router.php(764): Illuminate/Routing/Router->runRoute()
#38 C:/Users/gabyr/Downloads/Proyecto web/Proyecto web/gym-app/vendor/laravel/framework/src/Illuminate/Routing/Router.php(753): Illuminate/Routing/Router->dispatchToRoute()
#39 C:/Users/gabyr/Downloads/Proyecto web/Proyecto web/gym-app/vendor/laravel/framework/src/Illuminate/Foundation/Http/Kernel.php(200): Illuminate/Routing/Router->dispatch()
#40 C:/Users/gabyr/Downloads/Proyecto web/Proyecto web/gym-app/vendor/laravel/framework/src/Illuminate/Pipeline/Pipeline.php(180): Illuminate/Foundation/Http/Kernel->Illuminate/Foundation/Http/{closure}()
#41 C:/Users/gabyr/Downloads/Proyecto web/Proyecto web/gym-app/vendor/laravel/framework/src/Illuminate/Foundation/Http/Middleware/TransformsRequest.php(21): Illuminate/Pipeline/Pipeline->Illuminate/Pipeline/{closure}()
#42 C:/Users/gabyr/Downloads/Proyecto web/Proyecto web/gym-app/vendor/laravel/framework/src/Illuminate/Foundation/Http/Middleware/ConvertEmptyStringsToNull.php(31): Illuminate/Foundation/Http/Middleware/TransformsRequest->handle()
#43 C:/Users/gabyr/Downloads/Proyecto web/Proyecto web/gym-app/vendor/laravel/framework/src/Illuminate/Pipeline/Pipeline.php(219): Illuminate/Foundation/Http/Middleware/ConvertEmptyStringsToNull->handle()
#44 C:/Users/gabyr/Downloads/Proyecto web/Proyecto web/gym-app/vendor/laravel/framework/src/Illuminate/Foundation/Http/Middleware/TransformsRequest.php(21): Illuminate/Pipeline/Pipeline->Illuminate/Pipeline/{closure}()
#45 C:/Users/gabyr/Downloads/Proyecto web/Proyecto web/gym-app/vendor/laravel/framework/src/Illuminate/Foundation/Http/Middleware/TrimStrings.php(51): Illuminate/Foundation/Http/Middleware/TransformsRequest->handle()
#46 C:/Users/gabyr/Downloads/Proyecto web/Proyecto web/gym-app/vendor/laravel/framework/src/Illuminate/Pipeline/Pipeline.php(219): Illuminate/Foundation/Http/Middleware/TrimStrings->handle()
#47 C:/Users/gabyr/Downloads/Proyecto web/Proyecto web/gym-app/vendor/laravel/framework/src/Illuminate/Http/Middleware/ValidatePostSize.php(27): Illuminate/Pipeline/Pipeline->Illuminate/Pipeline/{closure}()
#48 C:/Users/gabyr/Downloads/Proyecto web/Proyecto web/gym-app/vendor/laravel/framework/src/Illuminate/Pipeline/Pipeline.php(219): Illuminate/Http/Middleware/ValidatePostSize->handle()
#49 C:/Users/gabyr/Downloads/Proyecto web/Proyecto web/gym-app/vendor/laravel/framework/src/Illuminate/Foundation/Http/Middleware/PreventRequestsDuringMaintenance.php(109): Illuminate/Pipeline/Pipeline->Illuminate/Pipeline/{closure}()
#50 C:/Users/gabyr/Downloads/Proyecto web/Proyecto web/gym-app/vendor/laravel/framework/src/Illuminate/Pipeline/Pipeline.php(219): Illuminate/Foundation/Http/Middleware/PreventRequestsDuringMaintenance->handle()
#51 C:/Users/gabyr/Downloads/Proyecto web/Proyecto web/gym-app/vendor/laravel/framework/src/Illuminate/Http/Middleware/HandleCors.php(61): Illuminate/Pipeline/Pipeline->Illuminate/Pipeline/{closure}()
#52 C:/Users/gabyr/Downloads/Proyecto web/Proyecto web/gym-app/vendor/laravel/framework/src/Illuminate/Pipeline/Pipeline.php(219): Illuminate/Http/Middleware/HandleCors->handle()
#53 C:/Users/gabyr/Downloads/Proyecto web/Proyecto web/gym-app/vendor/laravel/framework/src/Illuminate/Http/Middleware/TrustProxies.php(58): Illuminate/Pipeline/Pipeline->Illuminate/Pipeline/{closure}()
#54 C:/Users/gabyr/Downloads/Proyecto web/Proyecto web/gym-app/vendor/laravel/framework/src/Illuminate/Pipeline/Pipeline.php(219): Illuminate/Http/Middleware/TrustProxies->handle()
#55 C:/Users/gabyr/Downloads/Proyecto web/Proyecto web/gym-app/vendor/laravel/framework/src/Illuminate/Foundation/Http/Middleware/InvokeDeferredCallbacks.php(22): Illuminate/Pipeline/Pipeline->Illuminate/Pipeline/{closure}()
#56 C:/Users/gabyr/Downloads/Proyecto web/Proyecto web/gym-app/vendor/laravel/framework/src/Illuminate/Pipeline/Pipeline.php(219): Illuminate/Foundation/Http/Middleware/InvokeDeferredCallbacks->handle()
#57 C:/Users/gabyr/Downloads/Proyecto web/Proyecto web/gym-app/vendor/laravel/framework/src/Illuminate/Http/Middleware/ValidatePathEncoding.php(26): Illuminate/Pipeline/Pipeline->Illuminate/Pipeline/{closure}()
#58 C:/Users/gabyr/Downloads/Proyecto web/Proyecto web/gym-app/vendor/laravel/framework/src/Illuminate/Pipeline/Pipeline.php(219): Illuminate/Http/Middleware/ValidatePathEncoding->handle()
#59 C:/Users/gabyr/Downloads/Proyecto web/Proyecto web/gym-app/vendor/laravel/framework/src/Illuminate/Pipeline/Pipeline.php(137): Illuminate/Pipeline/Pipeline->Illuminate/Pipeline/{closure}()
#60 C:/Users/gabyr/Downloads/Proyecto web/Proyecto web/gym-app/vendor/laravel/framework/src/Illuminate/Foundation/Http/Kernel.php(175): Illuminate/Pipeline/Pipeline->then()
#61 C:/Users/gabyr/Downloads/Proyecto web/Proyecto web/gym-app/vendor/laravel/framework/src/Illuminate/Foundation/Http/Kernel.php(144): Illuminate/Foundation/Http/Kernel->sendRequestThroughRouter()
#62 C:/Users/gabyr/Downloads/Proyecto web/Proyecto web/gym-app/vendor/laravel/framework/src/Illuminate/Foundation/Application.php(1220): Illuminate/Foundation/Http/Kernel->handle()
#63 C:/Users/gabyr/Downloads/Proyecto web/Proyecto web/gym-app/public/index.php(20): Illuminate/Foundation/Application->handleRequest()
#64 C:/Users/gabyr/Downloads/Proyecto web/Proyecto web/gym-app/vendor/laravel/framework/src/Illuminate/Foundation/resources/server.php(23): require_once('...')
#65 {main}

[previous exception] [object] (ParseError(code: 0): syntax error, unexpected end of file at C:/Users/gabyr/Downloads/Proyecto web/Proyecto web/gym-app/storage/framework/views/1dfd19f180e26e6ec8760dc091aafe53.php:48)
[stacktrace]
#0 C:/Users/gabyr/Downloads/Proyecto web/Proyecto web/gym-app/vendor/laravel/framework/src/Illuminate/Filesystem/Filesystem.php(124): Illuminate/Filesystem/Filesystem::Illuminate/Filesystem/{closure}()
#1 C:/Users/gabyr/Downloads/Proyecto web/Proyecto web/gym-app/vendor/laravel/framework/src/Illuminate/View/Engines/PhpEngine.php(57): Illuminate/Filesystem/Filesystem->getRequire()
#2 C:/Users/gabyr/Downloads/Proyecto web/Proyecto web/gym-app/vendor/laravel/framework/src/Illuminate/View/Engines/CompilerEngine.php(76): Illuminate/View/Engines/PhpEngine->evaluatePath()
#3 C:/Users/gabyr/Downloads/Proyecto web/Proyecto web/gym-app/vendor/laravel/framework/src/Illuminate/View/View.php(208): Illuminate/View/Engines/CompilerEngine->get()
#4 C:/Users/gabyr/Downloads/Proyecto web/Proyecto web/gym-app/vendor/laravel/framework/src/Illuminate/View/View.php(191): Illuminate/View/View->getContents()
#5 C:/Users/gabyr/Downloads/Proyecto web/Proyecto web/gym-app/vendor/laravel/framework/src/Illuminate/View/View.php(160): Illuminate/View/View->renderContents()
#6 C:/Users/gabyr/Downloads/Proyecto web/Proyecto web/gym-app/storage/framework/views/128cc3c622eece639f85f494092b7348.php(106): Illuminate/View/View->render()
#7 C:/Users/gabyr/Downloads/Proyecto web/Proyecto web/gym-app/vendor/laravel/framework/src/Illuminate/Filesystem/Filesystem.php(123): require('...')
#8 C:/Users/gabyr/Downloads/Proyecto web/Proyecto web/gym-app/vendor/laravel/framework/src/Illuminate/Filesystem/Filesystem.php(124): Illuminate/Filesystem/Filesystem::Illuminate/Filesystem/{closure}()
#9 C:/Users/gabyr/Downloads/Proyecto web/Proyecto web/gym-app/vendor/laravel/framework/src/Illuminate/View/Engines/PhpEngine.php(57): Illuminate/Filesystem/Filesystem->getRequire()
#10 C:/Users/gabyr/Downloads/Proyecto web/Proyecto web/gym-app/vendor/laravel/framework/src/Illuminate/View/Engines/CompilerEngine.php(76): Illuminate/View/Engines/PhpEngine->evaluatePath()
#11 C:/Users/gabyr/Downloads/Proyecto web/Proyecto web/gym-app/vendor/laravel/framework/src/Illuminate/View/View.php(208): Illuminate/View/Engines/CompilerEngine->get()
#12 C:/Users/gabyr/Downloads/Proyecto web/Proyecto web/gym-app/vendor/laravel/framework/src/Illuminate/View/View.php(191): Illuminate/View/View->getContents()
#13 C:/Users/gabyr/Downloads/Proyecto web/Proyecto web/gym-app/vendor/laravel/framework/src/Illuminate/View/View.php(160): Illuminate/View/View->renderContents()
#14 C:/Users/gabyr/Downloads/Proyecto web/Proyecto web/gym-app/vendor/laravel/framework/src/Illuminate/Http/Response.php(78): Illuminate/View/View->render()
#15 C:/Users/gabyr/Downloads/Proyecto web/Proyecto web/gym-app/vendor/laravel/framework/src/Illuminate/Http/Response.php(34): Illuminate/Http/Response->setContent()
#16 C:/Users/gabyr/Downloads/Proyecto web/Proyecto web/gym-app/vendor/laravel/framework/src/Illuminate/Routing/Router.php(939): Illuminate/Http/Response->__construct()
#17 C:/Users/gabyr/Downloads/Proyecto web/Proyecto web/gym-app/vendor/laravel/framework/src/Illuminate/Routing/Router.php(906): Illuminate/Routing/Router::toResponse()
#18 C:/Users/gabyr/Downloads/Proyecto web/Proyecto web/gym-app/vendor/laravel/framework/src/Illuminate/Routing/Router.php(821): Illuminate/Routing/Router->prepareResponse()
#19 C:/Users/gabyr/Downloads/Proyecto web/Proyecto web/gym-app/vendor/laravel/framework/src/Illuminate/Pipeline/Pipeline.php(180): Illuminate/Routing/Router->Illuminate/Routing/{closure}()
#20 C:/Users/gabyr/Downloads/Proyecto web/Proyecto web/gym-app/vendor/laravel/framework/src/Illuminate/Auth/Middleware/RedirectIfAuthenticated.php(47): Illuminate/Pipeline/Pipeline->Illuminate/Pipeline/{closure}()
#21 C:/Users/gabyr/Downloads/Proyecto web/Proyecto web/gym-app/vendor/laravel/framework/src/Illuminate/Pipeline/Pipeline.php(219): Illuminate/Auth/Middleware/RedirectIfAuthenticated->handle()
#22 C:/Users/gabyr/Downloads/Proyecto web/Proyecto web/gym-app/vendor/laravel/framework/src/Illuminate/Routing/Middleware/SubstituteBindings.php(50): Illuminate/Pipeline/Pipeline->Illuminate/Pipeline/{closure}()
#23 C:/Users/gabyr/Downloads/Proyecto web/Proyecto web/gym-app/vendor/laravel/framework/src/Illuminate/Pipeline/Pipeline.php(219): Illuminate/Routing/Middleware/SubstituteBindings->handle()
#24 C:/Users/gabyr/Downloads/Proyecto web/Proyecto web/gym-app/vendor/laravel/framework/src/Illuminate/Foundation/Http/Middleware/VerifyCsrfToken.php(87): Illuminate/Pipeline/Pipeline->Illuminate/Pipeline/{closure}()
#25 C:/Users/gabyr/Downloads/Proyecto web/Proyecto web/gym-app/vendor/laravel/framework/src/Illuminate/Pipeline/Pipeline.php(219): Illuminate/Foundation/Http/Middleware/VerifyCsrfToken->handle()
#26 C:/Users/gabyr/Downloads/Proyecto web/Proyecto web/gym-app/vendor/laravel/framework/src/Illuminate/View/Middleware/ShareErrorsFromSession.php(48): Illuminate/Pipeline/Pipeline->Illuminate/Pipeline/{closure}()
#27 C:/Users/gabyr/Downloads/Proyecto web/Proyecto web/gym-app/vendor/laravel/framework/src/Illuminate/Pipeline/Pipeline.php(219): Illuminate/View/Middleware/ShareErrorsFromSession->handle()
#28 C:/Users/gabyr/Downloads/Proyecto web/Proyecto web/gym-app/vendor/laravel/framework/src/Illuminate/Session/Middleware/StartSession.php(120): Illuminate/Pipeline/Pipeline->Illuminate/Pipeline/{closure}()
#29 C:/Users/gabyr/Downloads/Proyecto web/Proyecto web/gym-app/vendor/laravel/framework/src/Illuminate/Session/Middleware/StartSession.php(63): Illuminate/Session/Middleware/StartSession->handleStatefulRequest()
#30 C:/Users/gabyr/Downloads/Proyecto web/Proyecto web/gym-app/vendor/laravel/framework/src/Illuminate/Pipeline/Pipeline.php(219): Illuminate/Session/Middleware/StartSession->handle()
#31 C:/Users/gabyr/Downloads/Proyecto web/Proyecto web/gym-app/vendor/laravel/framework/src/Illuminate/Cookie/Middleware/AddQueuedCookiesToResponse.php(36): Illuminate/Pipeline/Pipeline->Illuminate/Pipeline/{closure}()
#32 C:/Users/gabyr/Downloads/Proyecto web/Proyecto web/gym-app/vendor/laravel/framework/src/Illuminate/Pipeline/Pipeline.php(219): Illuminate/Cookie/Middleware/AddQueuedCookiesToResponse->handle()
#33 C:/Users/gabyr/Downloads/Proyecto web/Proyecto web/gym-app/vendor/laravel/framework/src/Illuminate/Cookie/Middleware/EncryptCookies.php(74): Illuminate/Pipeline/Pipeline->Illuminate/Pipeline/{closure}()
#34 C:/Users/gabyr/Downloads/Proyecto web/Proyecto web/gym-app/vendor/laravel/framework/src/Illuminate/Pipeline/Pipeline.php(219): Illuminate/Cookie/Middleware/EncryptCookies->handle()
#35 C:/Users/gabyr/Downloads/Proyecto web/Proyecto web/gym-app/vendor/laravel/framework/src/Illuminate/Pipeline/Pipeline.php(137): Illuminate/Pipeline/Pipeline->Illuminate/Pipeline/{closure}()
#36 C:/Users/gabyr/Downloads/Proyecto web/Proyecto web/gym-app/vendor/laravel/framework/src/Illuminate/Routing/Router.php(821): Illuminate/Pipeline/Pipeline->then()
#37 C:/Users/gabyr/Downloads/Proyecto web/Proyecto web/gym-app/vendor/laravel/framework/src/Illuminate/Routing/Router.php(800): Illuminate/Routing/Router->runRouteWithinStack()
#38 C:/Users/gabyr/Downloads/Proyecto web/Proyecto web/gym-app/vendor/laravel/framework/src/Illuminate/Routing/Router.php(764): Illuminate/Routing/Router->runRoute()
#39 C:/Users/gabyr/Downloads/Proyecto web/Proyecto web/gym-app/vendor/laravel/framework/src/Illuminate/Routing/Router.php(753): Illuminate/Routing/Router->dispatchToRoute()
#40 C:/Users/gabyr/Downloads/Proyecto web/Proyecto web/gym-app/vendor/laravel/framework/src/Illuminate/Foundation/Http/Kernel.php(200): Illuminate/Routing/Router->dispatch()
#41 C:/Users/gabyr/Downloads/Proyecto web/Proyecto web/gym-app/vendor/laravel/framework/src/Illuminate/Pipeline/Pipeline.php(180): Illuminate/Foundation/Http/Kernel->Illuminate/Foundation/Http/{closure}()
#42 C:/Users/gabyr/Downloads/Proyecto web/Proyecto web/gym-app/vendor/laravel/framework/src/Illuminate/Foundation/Http/Middleware/TransformsRequest.php(21): Illuminate/Pipeline/Pipeline->Illuminate/Pipeline/{closure}()
#43 C:/Users/gabyr/Downloads/Proyecto web/Proyecto web/gym-app/vendor/laravel/framework/src/Illuminate/Foundation/Http/Middleware/ConvertEmptyStringsToNull.php(31): Illuminate/Foundation/Http/Middleware/TransformsRequest->handle()
#44 C:/Users/gabyr/Downloads/Proyecto web/Proyecto web/gym-app/vendor/laravel/framework/src/Illuminate/Pipeline/Pipeline.php(219): Illuminate/Foundation/Http/Middleware/ConvertEmptyStringsToNull->handle()
#45 C:/Users/gabyr/Downloads/Proyecto web/Proyecto web/gym-app/vendor/laravel/framework/src/Illuminate/Foundation/Http/Middleware/TransformsRequest.php(21): Illuminate/Pipeline/Pipeline->Illuminate/Pipeline/{closure}()
#46 C:/Users/gabyr/Downloads/Proyecto web/Proyecto web/gym-app/vendor/laravel/framework/src/Illuminate/Foundation/Http/Middleware/TrimStrings.php(51): Illuminate/Foundation/Http/Middleware/TransformsRequest->handle()
#47 C:/Users/gabyr/Downloads/Proyecto web/Proyecto web/gym-app/vendor/laravel/framework/src/Illuminate/Pipeline/Pipeline.php(219): Illuminate/Foundation/Http/Middleware/TrimStrings->handle()
#48 C:/Users/gabyr/Downloads/Proyecto web/Proyecto web/gym-app/vendor/laravel/framework/src/Illuminate/Http/Middleware/ValidatePostSize.php(27): Illuminate/Pipeline/Pipeline->Illuminate/Pipeline/{closure}()
#49 C:/Users/gabyr/Downloads/Proyecto web/Proyecto web/gym-app/vendor/laravel/framework/src/Illuminate/Pipeline/Pipeline.php(219): Illuminate/Http/Middleware/ValidatePostSize->handle()
#50 C:/Users/gabyr/Downloads/Proyecto web/Proyecto web/gym-app/vendor/laravel/framework/src/Illuminate/Foundation/Http/Middleware/PreventRequestsDuringMaintenance.php(109): Illuminate/Pipeline/Pipeline->Illuminate/Pipeline/{closure}()
#51 C:/Users/gabyr/Downloads/Proyecto web/Proyecto web/gym-app/vendor/laravel/framework/src/Illuminate/Pipeline/Pipeline.php(219): Illuminate/Foundation/Http/Middleware/PreventRequestsDuringMaintenance->handle()
#52 C:/Users/gabyr/Downloads/Proyecto web/Proyecto web/gym-app/vendor/laravel/framework/src/Illuminate/Http/Middleware/HandleCors.php(61): Illuminate/Pipeline/Pipeline->Illuminate/Pipeline/{closure}()
#53 C:/Users/gabyr/Downloads/Proyecto web/Proyecto web/gym-app/vendor/laravel/framework/src/Illuminate/Pipeline/Pipeline.php(219): Illuminate/Http/Middleware/HandleCors->handle()
#54 C:/Users/gabyr/Downloads/Proyecto web/Proyecto web/gym-app/vendor/laravel/framework/src/Illuminate/Http/Middleware/TrustProxies.php(58): Illuminate/Pipeline/Pipeline->Illuminate/Pipeline/{closure}()
#55 C:/Users/gabyr/Downloads/Proyecto web/Proyecto web/gym-app/vendor/laravel/framework/src/Illuminate/Pipeline/Pipeline.php(219): Illuminate/Http/Middleware/TrustProxies->handle()
#56 C:/Users/gabyr/Downloads/Proyecto web/Proyecto web/gym-app/vendor/laravel/framework/src/Illuminate/Foundation/Http/Middleware/InvokeDeferredCallbacks.php(22): Illuminate/Pipeline/Pipeline->Illuminate/Pipeline/{closure}()
#57 C:/Users/gabyr/Downloads/Proyecto web/Proyecto web/gym-app/vendor/laravel/framework/src/Illuminate/Pipeline/Pipeline.php(219): Illuminate/Foundation/Http/Middleware/InvokeDeferredCallbacks->handle()
#58 C:/Users/gabyr/Downloads/Proyecto web/Proyecto web/gym-app/vendor/laravel/framework/src/Illuminate/Http/Middleware/ValidatePathEncoding.php(26): Illuminate/Pipeline/Pipeline->Illuminate/Pipeline/{closure}()
#59 C:/Users/gabyr/Downloads/Proyecto web/Proyecto web/gym-app/vendor/laravel/framework/src/Illuminate/Pipeline/Pipeline.php(219): Illuminate/Http/Middleware/ValidatePathEncoding->handle()
#60 C:/Users/gabyr/Downloads/Proyecto web/Proyecto web/gym-app/vendor/laravel/framework/src/Illuminate/Pipeline/Pipeline.php(137): Illuminate/Pipeline/Pipeline->Illuminate/Pipeline/{closure}()
#61 C:/Users/gabyr/Downloads/Proyecto web/Proyecto web/gym-app/vendor/laravel/framework/src/Illuminate/Foundation/Http/Kernel.php(175): Illuminate/Pipeline/Pipeline->then()
#62 C:/Users/gabyr/Downloads/Proyecto web/Proyecto web/gym-app/vendor/laravel/framework/src/Illuminate/Foundation/Http/Kernel.php(144): Illuminate/Foundation/Http/Kernel->sendRequestThroughRouter()
#63 C:/Users/gabyr/Downloads/Proyecto web/Proyecto web/gym-app/vendor/laravel/framework/src/Illuminate/Foundation/Application.php(1220): Illuminate/Foundation/Http/Kernel->handle()
#64 C:/Users/gabyr/Downloads/Proyecto web/Proyecto web/gym-app/public/index.php(20): Illuminate/Foundation/Application->handleRequest()
#65 C:/Users/gabyr/Downloads/Proyecto web/Proyecto web/gym-app/vendor/laravel/framework/src/Illuminate/Foundation/resources/server.php(23): require_once('...')
#66 {main}
"} 
[2026-05-25 04:49:39] local.ERROR: View [emails.recibo] not found. {"userId":2,"exception":"[object] (InvalidArgumentException(code: 0): View [emails.recibo] not found. at C:/Users/gabyr/Downloads/Proyecto web/Proyecto web/gym-app/vendor/laravel/framework/src/Illuminate/View/FileViewFinder.php:138)
[stacktrace]
#0 C:/Users/gabyr/Downloads/Proyecto web/Proyecto web/gym-app/vendor/laravel/framework/src/Illuminate/View/FileViewFinder.php(78): Illuminate/View/FileViewFinder->findInPaths()
#1 C:/Users/gabyr/Downloads/Proyecto web/Proyecto web/gym-app/vendor/laravel/framework/src/Illuminate/View/Factory.php(150): Illuminate/View/FileViewFinder->find()
#2 C:/Users/gabyr/Downloads/Proyecto web/Proyecto web/gym-app/vendor/laravel/framework/src/Illuminate/Mail/Mailer.php(444): Illuminate/View/Factory->make()
#3 C:/Users/gabyr/Downloads/Proyecto web/Proyecto web/gym-app/vendor/laravel/framework/src/Illuminate/Mail/Mailer.php(419): Illuminate/Mail/Mailer->renderView()
#4 C:/Users/gabyr/Downloads/Proyecto web/Proyecto web/gym-app/vendor/laravel/framework/src/Illuminate/Mail/Mailer.php(312): Illuminate/Mail/Mailer->addContent()
#5 C:/Users/gabyr/Downloads/Proyecto web/Proyecto web/gym-app/vendor/laravel/framework/src/Illuminate/Mail/MailManager.php(623): Illuminate/Mail/Mailer->send()
#6 C:/Users/gabyr/Downloads/Proyecto web/Proyecto web/gym-app/vendor/laravel/framework/src/Illuminate/Support/Facades/Facade.php(363): Illuminate/Mail/MailManager->__call()
#7 C:/Users/gabyr/Downloads/Proyecto web/Proyecto web/gym-app/routes/web.php(124): Illuminate/Support/Facades/Facade::__callStatic()
#8 C:/Users/gabyr/Downloads/Proyecto web/Proyecto web/gym-app/vendor/laravel/framework/src/Illuminate/Routing/CallableDispatcher.php(39): Illuminate/Routing/RouteFileRegistrar->{closure}()
#9 C:/Users/gabyr/Downloads/Proyecto web/Proyecto web/gym-app/vendor/laravel/framework/src/Illuminate/Routing/Route.php(243): Illuminate/Routing/CallableDispatcher->dispatch()
#10 C:/Users/gabyr/Downloads/Proyecto web/Proyecto web/gym-app/vendor/laravel/framework/src/Illuminate/Routing/Route.php(214): Illuminate/Routing/Route->runCallable()
#11 C:/Users/gabyr/Downloads/Proyecto web/Proyecto web/gym-app/vendor/laravel/framework/src/Illuminate/Routing/Router.php(822): Illuminate/Routing/Route->run()
#12 C:/Users/gabyr/Downloads/Proyecto web/Proyecto web/gym-app/vendor/laravel/framework/src/Illuminate/Pipeline/Pipeline.php(180): Illuminate/Routing/Router->Illuminate/Routing/{closure}()
#13 C:/Users/gabyr/Downloads/Proyecto web/Proyecto web/gym-app/vendor/laravel/framework/src/Illuminate/Routing/Middleware/SubstituteBindings.php(50): Illuminate/Pipeline/Pipeline->Illuminate/Pipeline/{closure}()
#14 C:/Users/gabyr/Downloads/Proyecto web/Proyecto web/gym-app/vendor/laravel/framework/src/Illuminate/Pipeline/Pipeline.php(219): Illuminate/Routing/Middleware/SubstituteBindings->handle()
#15 C:/Users/gabyr/Downloads/Proyecto web/Proyecto web/gym-app/vendor/laravel/framework/src/Illuminate/Auth/Middleware/Authenticate.php(63): Illuminate/Pipeline/Pipeline->Illuminate/Pipeline/{closure}()
#16 C:/Users/gabyr/Downloads/Proyecto web/Proyecto web/gym-app/vendor/laravel/framework/src/Illuminate/Pipeline/Pipeline.php(219): Illuminate/Auth/Middleware/Authenticate->handle()
#17 C:/Users/gabyr/Downloads/Proyecto web/Proyecto web/gym-app/vendor/laravel/framework/src/Illuminate/Foundation/Http/Middleware/VerifyCsrfToken.php(87): Illuminate/Pipeline/Pipeline->Illuminate/Pipeline/{closure}()
#18 C:/Users/gabyr/Downloads/Proyecto web/Proyecto web/gym-app/vendor/laravel/framework/src/Illuminate/Pipeline/Pipeline.php(219): Illuminate/Foundation/Http/Middleware/VerifyCsrfToken->handle()
#19 C:/Users/gabyr/Downloads/Proyecto web/Proyecto web/gym-app/vendor/laravel/framework/src/Illuminate/View/Middleware/ShareErrorsFromSession.php(48): Illuminate/Pipeline/Pipeline->Illuminate/Pipeline/{closure}()
#20 C:/Users/gabyr/Downloads/Proyecto web/Proyecto web/gym-app/vendor/laravel/framework/src/Illuminate/Pipeline/Pipeline.php(219): Illuminate/View/Middleware/ShareErrorsFromSession->handle()
#21 C:/Users/gabyr/Downloads/Proyecto web/Proyecto web/gym-app/vendor/laravel/framework/src/Illuminate/Session/Middleware/StartSession.php(120): Illuminate/Pipeline/Pipeline->Illuminate/Pipeline/{closure}()
#22 C:/Users/gabyr/Downloads/Proyecto web/Proyecto web/gym-app/vendor/laravel/framework/src/Illuminate/Session/Middleware/StartSession.php(63): Illuminate/Session/Middleware/StartSession->handleStatefulRequest()
#23 C:/Users/gabyr/Downloads/Proyecto web/Proyecto web/gym-app/vendor/laravel/framework/src/Illuminate/Pipeline/Pipeline.php(219): Illuminate/Session/Middleware/StartSession->handle()
#24 C:/Users/gabyr/Downloads/Proyecto web/Proyecto web/gym-app/vendor/laravel/framework/src/Illuminate/Cookie/Middleware/AddQueuedCookiesToResponse.php(36): Illuminate/Pipeline/Pipeline->Illuminate/Pipeline/{closure}()
#25 C:/Users/gabyr/Downloads/Proyecto web/Proyecto web/gym-app/vendor/laravel/framework/src/Illuminate/Pipeline/Pipeline.php(219): Illuminate/Cookie/Middleware/AddQueuedCookiesToResponse->handle()
#26 C:/Users/gabyr/Downloads/Proyecto web/Proyecto web/gym-app/vendor/laravel/framework/src/Illuminate/Cookie/Middleware/EncryptCookies.php(74): Illuminate/Pipeline/Pipeline->Illuminate/Pipeline/{closure}()
#27 C:/Users/gabyr/Downloads/Proyecto web/Proyecto web/gym-app/vendor/laravel/framework/src/Illuminate/Pipeline/Pipeline.php(219): Illuminate/Cookie/Middleware/EncryptCookies->handle()
#28 C:/Users/gabyr/Downloads/Proyecto web/Proyecto web/gym-app/vendor/laravel/framework/src/Illuminate/Pipeline/Pipeline.php(137): Illuminate/Pipeline/Pipeline->Illuminate/Pipeline/{closure}()
#29 C:/Users/gabyr/Downloads/Proyecto web/Proyecto web/gym-app/vendor/laravel/framework/src/Illuminate/Routing/Router.php(821): Illuminate/Pipeline/Pipeline->then()
#30 C:/Users/gabyr/Downloads/Proyecto web/Proyecto web/gym-app/vendor/laravel/framework/src/Illuminate/Routing/Router.php(800): Illuminate/Routing/Router->runRouteWithinStack()
#31 C:/Users/gabyr/Downloads/Proyecto web/Proyecto web/gym-app/vendor/laravel/framework/src/Illuminate/Routing/Router.php(764): Illuminate/Routing/Router->runRoute()
#32 C:/Users/gabyr/Downloads/Proyecto web/Proyecto web/gym-app/vendor/laravel/framework/src/Illuminate/Routing/Router.php(753): Illuminate/Routing/Router->dispatchToRoute()
#33 C:/Users/gabyr/Downloads/Proyecto web/Proyecto web/gym-app/vendor/laravel/framework/src/Illuminate/Foundation/Http/Kernel.php(200): Illuminate/Routing/Router->dispatch()
#34 C:/Users/gabyr/Downloads/Proyecto web/Proyecto web/gym-app/vendor/laravel/framework/src/Illuminate/Pipeline/Pipeline.php(180): Illuminate/Foundation/Http/Kernel->Illuminate/Foundation/Http/{closure}()
#35 C:/Users/gabyr/Downloads/Proyecto web/Proyecto web/gym-app/vendor/laravel/framework/src/Illuminate/Foundation/Http/Middleware/TransformsRequest.php(21): Illuminate/Pipeline/Pipeline->Illuminate/Pipeline/{closure}()
#36 C:/Users/gabyr/Downloads/Proyecto web/Proyecto web/gym-app/vendor/laravel/framework/src/Illuminate/Foundation/Http/Middleware/ConvertEmptyStringsToNull.php(31): Illuminate/Foundation/Http/Middleware/TransformsRequest->handle()
#37 C:/Users/gabyr/Downloads/Proyecto web/Proyecto web/gym-app/vendor/laravel/framework/src/Illuminate/Pipeline/Pipeline.php(219): Illuminate/Foundation/Http/Middleware/ConvertEmptyStringsToNull->handle()
#38 C:/Users/gabyr/Downloads/Proyecto web/Proyecto web/gym-app/vendor/laravel/framework/src/Illuminate/Foundation/Http/Middleware/TransformsRequest.php(21): Illuminate/Pipeline/Pipeline->Illuminate/Pipeline/{closure}()
#39 C:/Users/gabyr/Downloads/Proyecto web/Proyecto web/gym-app/vendor/laravel/framework/src/Illuminate/Foundation/Http/Middleware/TrimStrings.php(51): Illuminate/Foundation/Http/Middleware/TransformsRequest->handle()
#40 C:/Users/gabyr/Downloads/Proyecto web/Proyecto web/gym-app/vendor/laravel/framework/src/Illuminate/Pipeline/Pipeline.php(219): Illuminate/Foundation/Http/Middleware/TrimStrings->handle()
#41 C:/Users/gabyr/Downloads/Proyecto web/Proyecto web/gym-app/vendor/laravel/framework/src/Illuminate/Http/Middleware/ValidatePostSize.php(27): Illuminate/Pipeline/Pipeline->Illuminate/Pipeline/{closure}()
#42 C:/Users/gabyr/Downloads/Proyecto web/Proyecto web/gym-app/vendor/laravel/framework/src/Illuminate/Pipeline/Pipeline.php(219): Illuminate/Http/Middleware/ValidatePostSize->handle()
#43 C:/Users/gabyr/Downloads/Proyecto web/Proyecto web/gym-app/vendor/laravel/framework/src/Illuminate/Foundation/Http/Middleware/PreventRequestsDuringMaintenance.php(109): Illuminate/Pipeline/Pipeline->Illuminate/Pipeline/{closure}()
#44 C:/Users/gabyr/Downloads/Proyecto web/Proyecto web/gym-app/vendor/laravel/framework/src/Illuminate/Pipeline/Pipeline.php(219): Illuminate/Foundation/Http/Middleware/PreventRequestsDuringMaintenance->handle()
#45 C:/Users/gabyr/Downloads/Proyecto web/Proyecto web/gym-app/vendor/laravel/framework/src/Illuminate/Http/Middleware/HandleCors.php(61): Illuminate/Pipeline/Pipeline->Illuminate/Pipeline/{closure}()
#46 C:/Users/gabyr/Downloads/Proyecto web/Proyecto web/gym-app/vendor/laravel/framework/src/Illuminate/Pipeline/Pipeline.php(219): Illuminate/Http/Middleware/HandleCors->handle()
#47 C:/Users/gabyr/Downloads/Proyecto web/Proyecto web/gym-app/vendor/laravel/framework/src/Illuminate/Http/Middleware/TrustProxies.php(58): Illuminate/Pipeline/Pipeline->Illuminate/Pipeline/{closure}()
#48 C:/Users/gabyr/Downloads/Proyecto web/Proyecto web/gym-app/vendor/laravel/framework/src/Illuminate/Pipeline/Pipeline.php(219): Illuminate/Http/Middleware/TrustProxies->handle()
#49 C:/Users/gabyr/Downloads/Proyecto web/Proyecto web/gym-app/vendor/laravel/framework/src/Illuminate/Foundation/Http/Middleware/InvokeDeferredCallbacks.php(22): Illuminate/Pipeline/Pipeline->Illuminate/Pipeline/{closure}()
#50 C:/Users/gabyr/Downloads/Proyecto web/Proyecto web/gym-app/vendor/laravel/framework/src/Illuminate/Pipeline/Pipeline.php(219): Illuminate/Foundation/Http/Middleware/InvokeDeferredCallbacks->handle()
#51 C:/Users/gabyr/Downloads/Proyecto web/Proyecto web/gym-app/vendor/laravel/framework/src/Illuminate/Http/Middleware/ValidatePathEncoding.php(26): Illuminate/Pipeline/Pipeline->Illuminate/Pipeline/{closure}()
#52 C:/Users/gabyr/Downloads/Proyecto web/Proyecto web/gym-app/vendor/laravel/framework/src/Illuminate/Pipeline/Pipeline.php(219): Illuminate/Http/Middleware/ValidatePathEncoding->handle()
#53 C:/Users/gabyr/Downloads/Proyecto web/Proyecto web/gym-app/vendor/laravel/framework/src/Illuminate/Pipeline/Pipeline.php(137): Illuminate/Pipeline/Pipeline->Illuminate/Pipeline/{closure}()
#54 C:/Users/gabyr/Downloads/Proyecto web/Proyecto web/gym-app/vendor/laravel/framework/src/Illuminate/Foundation/Http/Kernel.php(175): Illuminate/Pipeline/Pipeline->then()
#55 C:/Users/gabyr/Downloads/Proyecto web/Proyecto web/gym-app/vendor/laravel/framework/src/Illuminate/Foundation/Http/Kernel.php(144): Illuminate/Foundation/Http/Kernel->sendRequestThroughRouter()
#56 C:/Users/gabyr/Downloads/Proyecto web/Proyecto web/gym-app/vendor/laravel/framework/src/Illuminate/Foundation/Application.php(1220): Illuminate/Foundation/Http/Kernel->handle()
#57 C:/Users/gabyr/Downloads/Proyecto web/Proyecto web/gym-app/public/index.php(20): Illuminate/Foundation/Application->handleRequest()
#58 C:/Users/gabyr/Downloads/Proyecto web/Proyecto web/gym-app/vendor/laravel/framework/src/Illuminate/Foundation/resources/server.php(23): require_once('...')
#59 {main}
"} 
[2026-05-25 04:52:26] local.DEBUG: From: Laravel <hello@example.com>
To: Gabriela Rebollar <rebollargabriela462@gmail.com>
Subject: Recibo de tu compra en IronGym
MIME-Version: 1.0
Date: Mon, 25 May 2026 04:52:26 +0000
Message-ID: <3dce605ab81c7080e7a8a5683770e329@example.com>
Content-Type: text/html; charset=utf-8
Content-Transfer-Encoding: quoted-printable

<!DOCTYPE html>
<html>
<head>
    <style>
        body { font-family: Arial, sans-serif; background-color: #f4f4f4; padding: 20px; }
        .caja { background-color: #ffffff; padding: 20px; border-radius: 8px; max-width: 500px; margin: auto; }
        .header { background-color: #212529; color: #ffc107; padding: 15px; text-align: center; border-radius: 8px 8px 0 0; font-size: 24px; font-weight: bold;}
        .total { font-size: 20px; font-weight: bold; color: #d9534f; margin-top: 15px;}
    </style>
</head>
<body>
    <div class="caja">
        <div class="header">IRON GYM</div>
        <p>Hola <strong>Gabriela Rebollar</strong>,</p>
        <p>¡Gracias por tu compra! Hemos recibido tu pedido y lo estamos procesando.</p>
        
        <h3>Detalles de tu orden:</h3>
        <ul>
                                                        <li>Nitro-Tech 100% Whey (x1) - $1,450.00</li>
                                            <li>Quest Protein Bar (Caja x12) (x1) - $850.00</li>
                                            <li>Straps para Levantamiento (x1) - $200.00</li>
                                            <li>Cinturón de Halterofilia de Cuero (x1) - $950.00</li>
                                            <li>Creatina Monohidratada (x1) - $550.00</li>
                    </ul>
        
        <p class="total">Total pagado: $4,000.00 MXN</p>
        
        <p>Tu pedido será enviado a: <em>aaa</em></p>
        
        <p>Si elegiste pago en efectivo, recuerda presentar tu número de orden en tu sucursal más cercana.</p>
        <p>¡Sigue entrenando sin límites!</p>
    </div>
</body>
</html>  
[2026-05-25 05:10:15] local.DEBUG: From: Laravel <hello@example.com>
To: Gabriela Rebollar <rebollargabriela462@gmail.com>
Subject: Recibo de tu compra en IronGym
MIME-Version: 1.0
Date: Mon, 25 May 2026 05:10:15 +0000
Message-ID: <a2d1ae6a78faa5c4e3e40e724064c399@example.com>
Content-Type: text/html; charset=utf-8
Content-Transfer-Encoding: quoted-printable

<!DOCTYPE html>
<html>
<head>
    <style>
        body { font-family: Arial, sans-serif; background-color: #f4f4f4; padding: 20px; }
        .caja { background-color: #ffffff; padding: 20px; border-radius: 8px; max-width: 500px; margin: auto; }
        .header { background-color: #212529; color: #ffc107; padding: 15px; text-align: center; border-radius: 8px 8px 0 0; font-size: 24px; font-weight: bold;}
        .total { font-size: 20px; font-weight: bold; color: #d9534f; margin-top: 15px;}
    </style>
</head>
<body>
    <div class="caja">
        <div class="header">IRON GYM</div>
        <p>Hola <strong>Gabriela Rebollar</strong>,</p>
        <p>¡Gracias por tu compra! Hemos recibido tu pedido y lo estamos procesando.</p>
        
        <h3>Detalles de tu orden:</h3>
        <ul>
                                                        <li>Nitro-Tech 100% Whey (x2) - $2,900.00</li>
                    </ul>
        
        <p class="total">Total pagado: $2,900.00 MXN</p>
        
        <p>Tu pedido será enviado a: <em>bbb</em></p>
        
        <p>Si elegiste pago en efectivo, recuerda presentar tu número de orden en tu sucursal más cercana.</p>
        <p>¡Sigue entrenando sin límites!</p>
    </div>
</body>
</html>  
[2026-05-25 05:11:24] local.DEBUG: From: Laravel <hello@example.com>
To: Gabriela Rebollar <rebollargabriela462@gmail.com>
Subject: Recibo de tu compra en IronGym
MIME-Version: 1.0
Date: Mon, 25 May 2026 05:11:24 +0000
Message-ID: <f35e172136adf57ad327b589557bfad1@example.com>
Content-Type: text/html; charset=utf-8
Content-Transfer-Encoding: quoted-printable

<!DOCTYPE html>
<html>
<head>
    <style>
        body { font-family: Arial, sans-serif; background-color: #f4f4f4; padding: 20px; }
        .caja { background-color: #ffffff; padding: 20px; border-radius: 8px; max-width: 500px; margin: auto; }
        .header { background-color: #212529; color: #ffc107; padding: 15px; text-align: center; border-radius: 8px 8px 0 0; font-size: 24px; font-weight: bold;}
        .total { font-size: 20px; font-weight: bold; color: #d9534f; margin-top: 15px;}
    </style>
</head>
<body>
    <div class="caja">
        <div class="header">IRON GYM</div>
        <p>Hola <strong>Gabriela Rebollar</strong>,</p>
        <p>¡Gracias por tu compra! Hemos recibido tu pedido y lo estamos procesando.</p>
        
        <h3>Detalles de tu orden:</h3>
        <ul>
                                                        <li>Nitro-Tech 100% Whey (x2) - $2,900.00</li>
                    </ul>
        
        <p class="total">Total pagado: $2,900.00 MXN</p>
        
        <p>Tu pedido será enviado a: <em>222</em></p>
        
        <p>Si elegiste pago en efectivo, recuerda presentar tu número de orden en tu sucursal más cercana.</p>
        <p>¡Sigue entrenando sin límites!</p>
    </div>
</body>
</html>  
